timestamp,equity,cash,gross_notional,unrealized_pnl
2026-01-23T04:31:51.345578974+00:00,1000000,1000000,-0,-0
2026-01-23T04:31:52.580481261+00:00,1000000,1000000,-0,-0
2026-01-23T04:31:53.580744894+00:00,1000000,1000000,-0,-0
2026-01-23T04:31:54.580753839+00:00,1000000,1000000,-0,-0
2026-01-23T04:31:55.580807090+00:00,1000000,1000000,-0,-0
2026-01-23T04:31:56.580818820+00:00,1000000,1000000,-0,-0
2026-01-23T04:31:57.581205543+00:00,1000000,1000000,-0,-0
2026-01-23T04:31:58.830604451+00:00,1000000,1000000,-0,-0
2026-01-23T04:31:59.830609979+00:00,1000000,1000000,-0,-0
2026-01-23T04:32:00.830750651+00:00,1000000,1000000,-0,-0
2026-01-23T04:32:01.830946055+00:00,1000000,1000000,-0,-0
2026-01-23T04:32:02.831086675+00:00,1000000,1000000,-0,-0
2026-01-23T04:32:04.080742672+00:00,1000000,1000000,-0,-0
2026-01-23T04:32:05.085196669+00:00,1000000,1000000,-0,-0
2026-01-23T04:32:06.330480671+00:00,1000000,1000000,-0,-0
2026-01-23T04:32:07.330676884+00:00,1000000,1000000,-0,-0
2026-01-23T04:32:08.330716488+00:00,1000000,1000000,-0,-0
2026-01-23T04:32:09.580495196+00:00,1000000,1000000,-0,-0
2026-01-23T04:32:10.580536558+00:00,1000000,1000000,-0,-0
2026-01-23T04:32:11.581495479+00:00,1000000,1000000,-0,-0
2026-01-23T04:32:12.581506891+00:00,1000000,1000000,-0,-0
2026-01-23T04:32:13.830506072+00:00,1000000,1000000,-0,-0
2026-01-23T04:32:14.830637967+00:00,1000000,1000000,-0,-0
2026-01-23T04:32:15.839256173+00:00,1000000,1000000,-0,-0
2026-01-23T04:32:17.080579649+00:00,1000000,1000000,-0,-0
2026-01-23T04:32:18.080586816+00:00,1000000,1000000,-0,-0
2026-01-23T04:32:19.080733346+00:00,1000000,1000000,-0,-0
2026-01-23T04:32:20.080872942+00:00,1000000,1000000,-0,-0
2026-01-23T04:32:21.081206775+00:00,1000000,1000000,-0,-0
2026-01-23T04:32:22.081207811+00:00,1000000,1000000,-0,-0
2026-01-23T04:32:23.081317947+00:00,1000000,1000000,-0,-0
2026-01-23T04:32:24.081334979+00:00,1000000,1000000,-0,-0
2026-01-23T04:32:25.330749149+00:00,1000000,1000000,-0,-0
2026-01-23T04:32:26.330760954+00:00,1000000,1000000,-0,-0
2026-01-23T04:32:27.330770411+00:00,1000000,1000000,-0,-0
2026-01-23T04:32:28.330781118+00:00,1000000,1000000,-0,-0
2026-01-23T04:32:29.330830094+00:00,1000000,1000000,-0,-0
2026-01-23T04:32:30.330895190+00:00,1000000,1000000,-0,-0
2026-01-23T04:32:31.330900540+00:00,1000000,1000000,-0,-0
2026-01-23T04:32:32.580533622+00:00,1000000,1000000,-0,-0
2026-01-23T04:32:33.581081869+00:00,1000000,1000000,-0,-0
2026-01-23T04:32:34.581281302+00:00,1000000,1000000,-0,-0
2026-01-23T04:32:35.835529490+00:00,1000000,1000000,-0,-0
2026-01-23T04:32:37.080687209+00:00,1000000,1000000,-0,-0
2026-01-23T04:32:38.080745875+00:00,1000000,1000000,-0,-0
2026-01-23T04:32:39.080762381+00:00,1000000,1000000,-0,-0
2026-01-23T04:32:40.080912710+00:00,1000000,1000000,-0,-0
2026-01-23T04:32:41.330443361+00:00,1000000,1000000,-0,-0
2026-01-23T04:32:42.330596677+00:00,1000000,1000000,-0,-0
2026-01-23T04:32:43.330632047+00:00,1000000,1000000,-0,-0
2026-01-23T04:32:44.330784709+00:00,1000000,1000000,-0,-0
2026-01-23T04:32:45.330877106+00:00,1000000,1000000,-0,-0
2026-01-23T04:32:46.580401264+00:00,1000000,1000000,-0,-0
2026-01-23T04:32:47.580598321+00:00,1000000,1000000,-0,-0
2026-01-23T04:32:48.580912785+00:00,1000000,1000000,-0,-0
2026-01-23T04:32:49.581330929+00:00,1000000,1000000,-0,-0
2026-01-23T04:32:50.830315897+00:00,1000000,1000000,-0,-0
2026-01-23T04:32:51.835887949+00:00,1000000,1000000,-0,-0
2026-01-23T04:32:53.080679632+00:00,1000000,1000000,-0,-0
2026-01-23T04:32:54.080687432+00:00,1000000,1000000,-0,-0
2026-01-23T04:32:55.080771734+00:00,1000000,1000000,-0,-0
2026-01-23T04:32:56.081164539+00:00,1000000,1000000,-0,-0
2026-01-23T04:32:57.330845257+00:00,1000000,1000000,-0,-0
2026-01-23T04:32:58.580742929+00:00,1000000,1000000,-0,-0
2026-01-23T04:32:59.580847658+00:00,1000000,1000000,-0,-0
2026-01-23T04:33:00.580854703+00:00,1000000,1000000,-0,-0
2026-01-23T04:33:01.580862559+00:00,1000000,1000000,-0,-0
2026-01-23T04:33:02.580873416+00:00,1000000,1000000,-0,-0
2026-01-23T04:33:03.830479164+00:00,1000000,1000000,-0,-0
2026-01-23T04:33:04.830580156+00:00,1000000,1000000,-0,-0
2026-01-23T04:33:05.830725509+00:00,1000000,1000000,-0,-0
2026-01-23T04:33:06.830821903+00:00,1000000,1000000,-0,-0
2026-01-23T04:33:07.830826077+00:00,1000000,1000000,-0,-0
2026-01-23T04:33:08.830904207+00:00,1000000,1000000,-0,-0
2026-01-23T04:33:09.830911519+00:00,1000000,1000000,-0,-0
2026-01-23T04:33:11.080574558+00:00,1000000,1000000,-0,-0
2026-01-23T04:33:12.080637283+00:00,1000000,1000000,-0,-0
2026-01-23T04:33:13.080707898+00:00,1000000,1000000,-0,-0
2026-01-23T04:33:14.080764577+00:00,1000000,1000000,-0,-0
2026-01-23T04:33:15.330686300+00:00,1000000,1000000,-0,-0
2026-01-23T04:33:16.331173185+00:00,1000000,1000000,-0,-0
2026-01-23T04:33:17.331191450+00:00,1000000,1000000,-0,-0
2026-01-23T04:33:18.580529750+00:00,1000000,1000000,-0,-0
2026-01-23T04:33:19.580568413+00:00,1000000,1000000,-0,-0
2026-01-23T04:33:20.830439033+00:00,1000000,1000000,-0,-0
2026-01-23T04:33:21.830449048+00:00,1000000,1000000,-0,-0
2026-01-23T04:33:22.831370575+00:00,1000000,1000000,-0,-0
2026-01-23T04:33:24.080500313+00:00,1000000,1000000,-0,-0
2026-01-23T04:33:25.088423321+00:00,1000000,1000000,-0,-0
2026-01-23T04:33:26.330631486+00:00,1000000,1000000,-0,-0
2026-01-23T04:33:27.330638541+00:00,1000000,1000000,-0,-0
2026-01-23T04:33:28.331066595+00:00,1000000,1000000,-0,-0
2026-01-23T04:33:29.580573574+00:00,1000000,1000000,-0,-0
2026-01-23T04:33:30.580577933+00:00,1000000,1000000,-0,-0
2026-01-23T04:33:31.580668731+00:00,1000000,1000000,-0,-0
2026-01-23T04:33:32.580681770+00:00,1000000,1000000,-0,-0
2026-01-23T04:33:33.580682835+00:00,1000000,1000000,-0,-0
2026-01-23T04:33:34.830436217+00:00,1000000,1000000,-0,-0
2026-01-23T04:33:35.830708560+00:00,1000000,1000000,-0,-0
2026-01-23T04:33:36.830847515+00:00,1000000,1000000,-0,-0
2026-01-23T04:33:37.830927771+00:00,1000000,1000000,-0,-0
2026-01-23T04:33:38.843646024+00:00,1000000,1000000,-0,-0
2026-01-23T04:33:40.080425873+00:00,1000000,1000000,-0,-0
2026-01-23T04:33:41.080463507+00:00,1000000,1000000,-0,-0
2026-01-23T04:33:42.080688005+00:00,1000000,1000000,-0,-0
2026-01-23T04:33:43.080694922+00:00,1000000,1000000,-0,-0
2026-01-23T04:33:44.080700026+00:00,1000000,1000000,-0,-0
2026-01-23T04:33:45.080720409+00:00,1000000,1000000,-0,-0
2026-01-23T04:33:46.080804549+00:00,1000000,1000000,-0,-0
2026-01-23T04:33:47.080840255+00:00,1000000,1000000,-0,-0
2026-01-23T04:33:48.330524599+00:00,1000000,1000000,-0,-0
2026-01-23T04:33:49.330705119+00:00,1000000,1000000,-0,-0
2026-01-23T04:33:50.580599733+00:00,1000000,1000000,-0,-0
2026-01-23T04:33:51.581412196+00:00,1000000,1000000,-0,-0
2026-01-23T04:33:52.581422109+00:00,1000000,1000000,-0,-0
2026-01-23T04:33:53.830598902+00:00,1000000,1000000,-0,-0
2026-01-23T04:33:54.830903705+00:00,1000000,1000000,-0,-0
2026-01-23T04:33:55.830918636+00:00,1000000,1000000,-0,-0
2026-01-23T04:33:57.080656269+00:00,1000000,1000000,-0,-0
2026-01-23T04:33:58.080663958+00:00,1000000,1000000,-0,-0
2026-01-23T04:33:59.080702431+00:00,1000000,1000000,-0,-0
2026-01-23T04:34:00.080865128+00:00,1000000,1000000,-0,-0
2026-01-23T04:34:01.080884013+00:00,1000000,1000000,-0,-0
2026-01-23T04:34:02.080890707+00:00,1000000,1000000,-0,-0
2026-01-23T04:34:03.330498068+00:00,1000000,1000000,-0,-0
2026-01-23T04:34:04.330856709+00:00,1000000,1000000,-0,-0
2026-01-23T04:34:05.330879445+00:00,1000000,1000000,-0,-0
2026-01-23T04:34:06.580578791+00:00,1000000,1000000,-0,-0
2026-01-23T04:34:07.590970718+00:00,1000000,1000000,-0,-0
2026-01-23T04:34:08.830782190+00:00,1000000,1000000,-0,-0
2026-01-23T04:34:09.830862273+00:00,1000000,1000000,-0,-0
2026-01-23T04:34:11.080440511+00:00,1000000,1000000,-0,-0
2026-01-23T04:34:12.080527640+00:00,1000000,1000000,-0,-0
2026-01-23T04:34:13.080538976+00:00,1000000,1000000,-0,-0
2026-01-23T04:34:14.080544998+00:00,1000000,1000000,-0,-0
2026-01-23T04:34:15.080555257+00:00,1000000,1000000,-0,-0
2026-01-23T04:34:16.080938598+00:00,1000000,1000000,-0,-0
2026-01-23T04:34:17.330313872+00:00,1000000,1000000,-0,-0
2026-01-23T04:34:18.330382446+00:00,1000000,1000000,-0,-0
2026-01-23T04:34:19.330825493+00:00,1000000,1000000,-0,-0
2026-01-23T04:34:20.580331141+00:00,1000000,1000000,-0,-0
2026-01-23T04:34:21.580588040+00:00,1000000,1000000,-0,-0
2026-01-23T04:34:22.580614097+00:00,1000000,1000000,-0,-0
2026-01-23T04:34:23.580614336+00:00,1000000,1000000,-0,-0
2026-01-23T04:34:24.580623034+00:00,1000000,1000000,-0,-0
2026-01-23T04:34:25.581077043+00:00,1000000,1000000,-0,-0
2026-01-23T04:34:26.830441027+00:00,1000000,1000000,-0,-0
2026-01-23T04:34:27.830884224+00:00,1000000,1000000,-0,-0
2026-01-23T04:34:28.831107038+00:00,1000000,1000000,-0,-0
2026-01-23T04:34:29.831663270+00:00,1000000,1000000,-0,-0
2026-01-23T04:34:31.080486156+00:00,1000000,1000000,-0,-0
2026-01-23T04:34:32.080510474+00:00,1000000,1000000,-0,-0
2026-01-23T04:34:33.081082734+00:00,1000000,1000000,-0,-0
2026-01-23T04:34:34.081590244+00:00,1000000,1000000,-0,-0
2026-01-23T04:34:35.331091791+00:00,1000000,1000000,-0,-0
2026-01-23T04:34:36.580584687+00:00,1000000,1000000,-0,-0
2026-01-23T04:34:37.580585899+00:00,1000000,1000000,-0,-0
2026-01-23T04:34:38.580660654+00:00,1000000,1000000,-0,-0
2026-01-23T04:34:39.580666610+00:00,1000000,1000000,-0,-0
2026-01-23T04:34:40.580670589+00:00,1000000,1000000,-0,-0
2026-01-23T04:34:41.580677673+00:00,1000000,1000000,-0,-0
2026-01-23T04:34:42.580946763+00:00,1000000,1000000,-0,-0
2026-01-23T04:34:43.580948800+00:00,1000000,1000000,-0,-0
2026-01-23T04:34:44.830684464+00:00,1000000,1000000,-0,-0
2026-01-23T04:34:45.830699327+00:00,1000000,1000000,-0,-0
2026-01-23T04:34:46.830723307+00:00,1000000,1000000,-0,-0
2026-01-23T04:34:47.830827036+00:00,1000000,1000000,-0,-0
2026-01-23T04:34:48.830829111+00:00,1000000,1000000,-0,-0
2026-01-23T04:34:49.831106815+00:00,1000000,1000000,-0,-0
2026-01-23T04:34:50.831152845+00:00,1000000,1000000,-0,-0
2026-01-23T04:34:51.831191879+00:00,1000000,1000000,-0,-0
2026-01-23T04:34:52.831345974+00:00,1000000,1000000,-0,-0
2026-01-23T04:34:53.831389507+00:00,1000000,1000000,-0,-0
2026-01-23T04:34:55.080557520+00:00,1000000,1000000,-0,-0
2026-01-23T04:34:56.080903093+00:00,1000000,1000000,-0,-0
2026-01-23T04:34:57.330975866+00:00,1000000,1000000,-0,-0
2026-01-23T04:34:58.580432390+00:00,1000000,1000000,-0,-0
2026-01-23T04:34:59.580492207+00:00,1000000,1000000,-0,-0
2026-01-23T04:35:00.580496008+00:00,1000000,1000000,-0,-0
2026-01-23T04:35:01.580995114+00:00,1000000,1000000,-0,-0
2026-01-23T04:35:02.599338130+00:00,1000000,1000000,-0,-0
2026-01-23T04:35:03.830405266+00:00,1000000,1000000,-0,-0
2026-01-23T04:35:04.830844357+00:00,1000000,1000000,-0,-0
2026-01-23T04:35:05.830900660+00:00,1000000,1000000,-0,-0
2026-01-23T04:35:06.830909320+00:00,1000000,1000000,-0,-0
2026-01-23T04:35:07.830917348+00:00,1000000,1000000,-0,-0
2026-01-23T04:35:09.080324140+00:00,1000000,1000000,-0,-0
2026-01-23T04:35:10.080527268+00:00,1000000,1000000,-0,-0
2026-01-23T04:35:11.081159084+00:00,1000000,1000000,-0,-0
2026-01-23T04:35:12.330472779+00:00,1000000,1000000,-0,-0
2026-01-23T04:35:13.330536370+00:00,1000000,1000000,-0,-0
2026-01-23T04:35:14.330596507+00:00,1000000,1000000,-0,-0
2026-01-23T04:35:15.330604638+00:00,1000000,1000000,-0,-0
2026-01-23T04:35:16.330956775+00:00,1000000,1000000,-0,-0
2026-01-23T04:35:17.580419913+00:00,1000000,1000000,-0,-0
2026-01-23T04:35:18.587975386+00:00,1000000,1000000,-0,-0
2026-01-23T04:35:19.830298627+00:00,1000000,1000000,-0,-0
2026-01-23T04:35:20.830845360+00:00,1000000,1000000,-0,-0
2026-01-23T04:35:21.830852237+00:00,1000000,1000000,-0,-0
2026-01-23T04:35:22.830860620+00:00,1000000,1000000,-0,-0
2026-01-23T04:35:23.830980651+00:00,1000000,1000000,-0,-0
2026-01-23T04:35:25.080532559+00:00,1000000,1000000,-0,-0
2026-01-23T04:35:26.080698076+00:00,1000000,1000000,-0,-0
2026-01-23T04:35:27.080701583+00:00,1000000,1000000,-0,-0
2026-01-23T04:35:28.085076708+00:00,1000000,1000000,-0,-0
2026-01-23T04:35:29.330722098+00:00,1000000,1000000,-0,-0
2026-01-23T04:35:30.580365641+00:00,1000000,1000000,-0,-0
2026-01-23T04:35:31.580509221+00:00,1000000,1000000,-0,-0
2026-01-23T04:35:32.580519136+00:00,1000000,1000000,-0,-0
2026-01-23T04:35:33.588045486+00:00,1000000,1000000,-0,-0
2026-01-23T04:35:34.830448135+00:00,1000000,1000000,-0,-0
2026-01-23T04:35:35.830481230+00:00,1000000,1000000,-0,-0
2026-01-23T04:35:36.830493421+00:00,1000000,1000000,-0,-0
2026-01-23T04:35:37.830560935+00:00,1000000,1000000,-0,-0
2026-01-23T04:35:38.830577951+00:00,1000000,1000000,-0,-0
2026-01-23T04:35:39.830890528+00:00,1000000,1000000,-0,-0
2026-01-23T04:35:41.080447360+00:00,1000000,1000000,-0,-0
2026-01-23T04:35:42.080885823+00:00,1000000,1000000,-0,-0
2026-01-23T04:35:43.080892061+00:00,1000000,1000000,-0,-0
2026-01-23T04:35:44.080914839+00:00,1000000,1000000,-0,-0
2026-01-23T04:35:45.080988059+00:00,1000000,1000000,-0,-0
2026-01-23T04:35:46.330428255+00:00,1000000,1000000,-0,-0
2026-01-23T04:35:47.332230021+00:00,1000000,1000000,-0,-0
2026-01-23T04:35:48.580520053+00:00,1000000,1000000,-0,-0
2026-01-23T04:35:49.580537823+00:00,1000000,1000000,-0,-0
2026-01-23T04:35:50.580545901+00:00,1000000,1000000,-0,-0
2026-01-23T04:35:51.580549631+00:00,1000000,1000000,-0,-0
2026-01-23T04:35:52.580815369+00:00,1000000,1000000,-0,-0
2026-01-23T04:35:53.581012483+00:00,1000000,1000000,-0,-0
2026-01-23T04:35:54.831175348+00:00,1000000,1000000,-0,-0
2026-01-23T04:35:56.080482946+00:00,1000000,1000000,-0,-0
2026-01-23T04:35:57.080681123+00:00,1000000,1000000,-0,-0
2026-01-23T04:35:58.080685853+00:00,1000000,1000000,-0,-0
2026-01-23T04:35:59.082974678+00:00,1000000,1000000,-0,-0
2026-01-23T04:36:00.330521086+00:00,1000000,1000000,-0,-0
2026-01-23T04:36:01.346167475+00:00,1000000,1000000,-0,-0
2026-01-23T04:36:02.580602670+00:00,1000000,1000000,-0,-0
2026-01-23T04:36:03.580632109+00:00,1000000,1000000,-0,-0
2026-01-23T04:36:04.580638567+00:00,1000000,1000000,-0,-0
2026-01-23T04:36:05.580643823+00:00,1000000,1000000,-0,-0
2026-01-23T04:36:06.580648713+00:00,1000000,1000000,-0,-0
2026-01-23T04:36:07.580865563+00:00,1000000,1000000,-0,-0
2026-01-23T04:36:08.588406697+00:00,1000000,1000000,-0,-0
2026-01-23T04:36:09.830420880+00:00,1000000,1000000,-0,-0
2026-01-23T04:36:10.830525868+00:00,1000000,1000000,-0,-0
2026-01-23T04:36:11.830908404+00:00,1000000,1000000,-0,-0
2026-01-23T04:36:12.831152270+00:00,1000000,1000000,-0,-0
2026-01-23T04:36:14.080321901+00:00,1000000,1000000,-0,-0
2026-01-23T04:36:15.080480570+00:00,1000000,1000000,-0,-0
2026-01-23T04:36:16.080502040+00:00,1000000,1000000,-0,-0
2026-01-23T04:36:17.080510604+00:00,1000000,1000000,-0,-0
2026-01-23T04:36:18.080518100+00:00,1000000,1000000,-0,-0
2026-01-23T04:36:19.080535279+00:00,1000000,1000000,-0,-0
2026-01-23T04:36:20.080889865+00:00,1000000,1000000,-0,-0
2026-01-23T04:36:21.080895633+00:00,1000000,1000000,-0,-0
2026-01-23T04:36:22.080981481+00:00,1000000,1000000,-0,-0
2026-01-23T04:36:23.330369185+00:00,1000000,1000000,-0,-0
2026-01-23T04:36:24.330501460+00:00,1000000,1000000,-0,-0
2026-01-23T04:36:25.330571846+00:00,1000000,1000000,-0,-0
2026-01-23T04:36:26.330573749+00:00,1000000,1000000,-0,-0
2026-01-23T04:36:27.330779887+00:00,1000000,1000000,-0,-0
2026-01-23T04:36:28.580465900+00:00,1000000,1000000,-0,-0
2026-01-23T04:36:29.580480230+00:00,1000000,1000000,-0,-0
2026-01-23T04:36:30.826583654+00:00,1000000,1000000,-0,-0
2026-01-23T04:36:31.826731963+00:00,1000000,1000000,-0,-0
2026-01-23T04:36:32.826804897+00:00,1000000,1000000,-0,-0
2026-01-23T04:36:33.826842287+00:00,1000000,1000000,-0,-0
2026-01-23T04:36:34.826843751+00:00,1000000,1000000,-0,-0
2026-01-23T04:36:36.076353897+00:00,1000000,1000000,-0,-0
2026-01-23T04:36:37.076619647+00:00,1000000,1000000,-0,-0
2026-01-23T04:36:38.077028371+00:00,1000000,1000000,-0,-0
2026-01-23T04:36:39.326470906+00:00,1000000,1000000,-0,-0
2026-01-23T04:36:40.326507099+00:00,1000000,1000000,-0,-0
2026-01-23T04:36:41.326660047+00:00,1000000,1000000,-0,-0
2026-01-23T04:36:42.326749737+00:00,1000000,1000000,-0,-0
2026-01-23T04:36:43.576573388+00:00,1000000,1000000,-0,-0
2026-01-23T04:36:44.576807014+00:00,1000000,1000000,-0,-0
2026-01-23T04:36:45.576828922+00:00,1000000,1000000,-0,-0
2026-01-23T04:36:46.576833312+00:00,1000000,1000000,-0,-0
2026-01-23T04:36:47.576841815+00:00,1000000,1000000,-0,-0
2026-01-23T04:36:48.576847773+00:00,1000000,1000000,-0,-0
2026-01-23T04:36:49.576862517+00:00,1000000,1000000,-0,-0
2026-01-23T04:36:50.576868205+00:00,1000000,1000000,-0,-0
2026-01-23T04:36:51.577012612+00:00,1000000,1000000,-0,-0
2026-01-23T04:36:52.577017809+00:00,1000000,1000000,-0,-0
2026-01-23T04:36:53.577022975+00:00,1000000,1000000,-0,-0
2026-01-23T04:36:54.826567705+00:00,1000000,1000000,-0,-0
2026-01-23T04:36:55.827024315+00:00,1000000,1000000,-0,-0
2026-01-23T04:36:56.827034619+00:00,1000000,1000000,-0,-0
2026-01-23T04:36:57.827045530+00:00,1000000,1000000,-0,-0
2026-01-23T04:36:58.827308792+00:00,1000000,1000000,-0,-0
2026-01-23T04:36:59.827318369+00:00,1000000,1000000,-0,-0
2026-01-23T04:37:00.827355171+00:00,1000000,1000000,-0,-0
2026-01-23T04:37:02.076705219+00:00,1000000,1000000,-0,-0
2026-01-23T04:37:03.076712271+00:00,1000000,1000000,-0,-0
2026-01-23T04:37:04.077036395+00:00,1000000,1000000,-0,-0
2026-01-23T04:37:05.077089835+00:00,1000000,1000000,-0,-0
2026-01-23T04:37:06.326589637+00:00,1000000,1000000,-0,-0
2026-01-23T04:37:07.326618937+00:00,1000000,1000000,-0,-0
2026-01-23T04:37:08.576577492+00:00,1000000,1000000,-0,-0
2026-01-23T04:37:09.576634118+00:00,1000000,1000000,-0,-0
2026-01-23T04:37:10.576642492+00:00,1000000,1000000,-0,-0
2026-01-23T04:37:11.576752364+00:00,1000000,1000000,-0,-0
2026-01-23T04:37:12.576989134+00:00,1000000,1000000,-0,-0
2026-01-23T04:37:13.826639575+00:00,1000000,1000000,-0,-0
2026-01-23T04:37:14.826727175+00:00,1000000,1000000,-0,-0
2026-01-23T04:37:15.826742107+00:00,1000000,1000000,-0,-0
2026-01-23T04:37:16.826743669+00:00,1000000,1000000,-0,-0
2026-01-23T04:37:17.826749656+00:00,1000000,1000000,-0,-0
2026-01-23T04:37:18.826906576+00:00,1000000,1000000,-0,-0
2026-01-23T04:37:20.077069381+00:00,1000000,1000000,-0,-0
2026-01-23T04:37:21.077072022+00:00,1000000,1000000,-0,-0
2026-01-23T04:37:22.326779755+00:00,1000000,1000000,-0,-0
2026-01-23T04:37:23.326798304+00:00,1000000,1000000,-0,-0
2026-01-23T04:37:24.326866636+00:00,1000000,1000000,-0,-0
2026-01-23T04:37:25.326881727+00:00,1000000,1000000,-0,-0
2026-01-23T04:37:26.326886380+00:00,1000000,1000000,-0,-0
2026-01-23T04:37:27.327036852+00:00,1000000,1000000,-0,-0
2026-01-23T04:37:28.327050797+00:00,1000000,1000000,-0,-0
2026-01-23T04:37:29.328216548+00:00,1000000,1000000,-0,-0
2026-01-23T04:37:30.576637689+00:00,1000000,1000000,-0,-0
2026-01-23T04:37:31.576653668+00:00,1000000,1000000,-0,-0
2026-01-23T04:37:32.576770577+00:00,1000000,1000000,-0,-0
2026-01-23T04:37:33.576792298+00:00,1000000,1000000,-0,-0
2026-01-23T04:37:34.576799136+00:00,1000000,1000000,-0,-0
2026-01-23T04:37:35.584163792+00:00,1000000,1000000,-0,-0
2026-01-23T04:37:36.826677050+00:00,1000000,1000000,-0,-0
2026-01-23T04:37:37.826704284+00:00,1000000,1000000,-0,-0
2026-01-23T04:37:38.826737632+00:00,1000000,1000000,-0,-0
2026-01-23T04:37:39.826969994+00:00,1000000,1000000,-0,-0
2026-01-23T04:37:41.076807824+00:00,1000000,1000000,-0,-0
2026-01-23T04:37:42.076817834+00:00,1000000,1000000,-0,-0
2026-01-23T04:37:43.077297483+00:00,1000000,1000000,-0,-0
2026-01-23T04:37:44.077303318+00:00,1000000,1000000,-0,-0
2026-01-23T04:37:45.326713981+00:00,1000000,1000000,-0,-0
2026-01-23T04:37:46.326726643+00:00,1000000,1000000,-0,-0
2026-01-23T04:37:47.609075832+00:00,1000000,1000000,-0,-0
2026-01-23T04:37:48.827060088+00:00,1000000,1000000,-0,-0
2026-01-23T04:37:49.831947398+00:00,1000000,1000000,-0,-0
2026-01-23T04:37:51.076359334+00:00,1000000,1000000,-0,-0
2026-01-23T04:37:52.076898257+00:00,1000000,1000000,-0,-0
2026-01-23T04:37:53.077089057+00:00,1000000,1000000,-0,-0
2026-01-23T04:37:54.077096360+00:00,1000000,1000000,-0,-0
2026-01-23T04:37:55.326603712+00:00,1000000,1000000,-0,-0
2026-01-23T04:37:56.326623997+00:00,1000000,1000000,-0,-0
2026-01-23T04:37:57.326631267+00:00,1000000,1000000,-0,-0
2026-01-23T04:37:58.326749778+00:00,1000000,1000000,-0,-0
2026-01-23T04:37:59.326755733+00:00,1000000,1000000,-0,-0
2026-01-23T04:38:00.326985734+00:00,1000000,1000000,-0,-0
2026-01-23T04:38:01.327154800+00:00,1000000,1000000,-0,-0
2026-01-23T04:38:02.327331548+00:00,1000000,1000000,-0,-0
2026-01-23T04:38:03.576557885+00:00,1000000,1000000,-0,-0
2026-01-23T04:38:04.576563834+00:00,1000000,1000000,-0,-0
2026-01-23T04:38:05.576568847+00:00,1000000,1000000,-0,-0
2026-01-23T04:38:06.584269359+00:00,1000000,1000000,-0,-0
2026-01-23T04:38:07.826620830+00:00,1000000,1000000,-0,-0
2026-01-23T04:38:08.826625948+00:00,1000000,1000000,-0,-0
2026-01-23T04:38:09.826632729+00:00,1000000,1000000,-0,-0
2026-01-23T04:38:10.827223749+00:00,1000000,1000000,-0,-0
2026-01-23T04:38:11.827244144+00:00,1000000,1000000,-0,-0
2026-01-23T04:38:13.076540587+00:00,1000000,1000000,-0,-0
2026-01-23T04:38:14.076696522+00:00,1000000,1000000,-0,-0
2026-01-23T04:38:15.077436100+00:00,1000000,1000000,-0,-0
2026-01-23T04:38:16.326472513+00:00,1000000,1000000,-0,-0
2026-01-23T04:38:17.326863531+00:00,1000000,1000000,-0,-0
2026-01-23T04:38:18.326868916+00:00,1000000,1000000,-0,-0
2026-01-23T04:38:19.326871012+00:00,1000000,1000000,-0,-0
2026-01-23T04:38:20.326891555+00:00,1000000,1000000,-0,-0
2026-01-23T04:38:21.326904227+00:00,1000000,1000000,-0,-0
2026-01-23T04:38:22.327071548+00:00,1000000,1000000,-0,-0
2026-01-23T04:38:23.327077214+00:00,1000000,1000000,-0,-0
2026-01-23T04:38:24.576501493+00:00,1000000,1000000,-0,-0
2026-01-23T04:38:25.576566978+00:00,1000000,1000000,-0,-0
2026-01-23T04:38:26.576676398+00:00,1000000,1000000,-0,-0
2026-01-23T04:38:27.576962568+00:00,1000000,1000000,-0,-0
2026-01-23T04:38:28.826648317+00:00,1000000,1000000,-0,-0
2026-01-23T04:38:29.826976733+00:00,1000000,1000000,-0,-0
2026-01-23T04:38:31.076553066+00:00,1000000,1000000,-0,-0
2026-01-23T04:38:32.077118667+00:00,1000000,1000000,-0,-0
2026-01-23T04:38:33.326326549+00:00,1000000,1000000,-0,-0
2026-01-23T04:38:34.326481247+00:00,1000000,1000000,-0,-0
2026-01-23T04:38:35.326481473+00:00,1000000,1000000,-0,-0
2026-01-23T04:38:36.326598960+00:00,1000000,1000000,-0,-0
2026-01-23T04:38:37.326672908+00:00,1000000,1000000,-0,-0
2026-01-23T04:38:38.326690848+00:00,1000000,1000000,-0,-0
2026-01-23T04:38:39.326908103+00:00,1000000,1000000,-0,-0
2026-01-23T04:38:40.576492225+00:00,1000000,1000000,-0,-0
2026-01-23T04:38:41.576524260+00:00,1000000,1000000,-0,-0
2026-01-23T04:38:42.576554506+00:00,1000000,1000000,-0,-0
2026-01-23T04:38:43.576560979+00:00,1000000,1000000,-0,-0
2026-01-23T04:38:44.576585363+00:00,1000000,1000000,-0,-0
2026-01-23T04:38:45.576624326+00:00,1000000,1000000,-0,-0
2026-01-23T04:38:46.580540728+00:00,1000000,1000000,-0,-0
2026-01-23T04:38:47.584225347+00:00,1000000,1000000,-0,-0
2026-01-23T04:38:48.826655548+00:00,1000000,1000000,-0,-0
2026-01-23T04:38:49.826673337+00:00,1000000,1000000,-0,-0
2026-01-23T04:38:50.826686432+00:00,1000000,1000000,-0,-0
2026-01-23T04:38:52.076700288+00:00,1000000,1000000,-0,-0
2026-01-23T04:38:53.076835955+00:00,1000000,1000000,-0,-0
2026-01-23T04:38:54.076845919+00:00,1000000,1000000,-0,-0
2026-01-23T04:38:55.076848898+00:00,1000000,1000000,-0,-0
2026-01-23T04:38:56.076856306+00:00,1000000,1000000,-0,-0
2026-01-23T04:38:57.076866479+00:00,1000000,1000000,-0,-0
2026-01-23T04:38:58.076875257+00:00,1000000,1000000,-0,-0
2026-01-23T04:38:59.076915804+00:00,1000000,1000000,-0,-0
2026-01-23T04:39:00.326525184+00:00,1000000,1000000,-0,-0
2026-01-23T04:39:01.326574081+00:00,1000000,1000000,-0,-0
2026-01-23T04:39:02.326648667+00:00,1000000,1000000,-0,-0
2026-01-23T04:39:03.326730988+00:00,1000000,1000000,-0,-0
2026-01-23T04:39:04.326868746+00:00,1000000,1000000,-0,-0
2026-01-23T04:39:05.326876377+00:00,1000000,1000000,-0,-0
2026-01-23T04:39:06.576412025+00:00,1000000,1000000,-0,-0
2026-01-23T04:39:07.576526833+00:00,1000000,1000000,-0,-0
2026-01-23T04:39:08.576872492+00:00,1000000,1000000,-0,-0
2026-01-23T04:39:09.826886072+00:00,1000000,1000000,-0,-0
2026-01-23T04:39:10.826908363+00:00,1000000,1000000,-0,-0
2026-01-23T04:39:12.076575114+00:00,1000000,1000000,-0,-0
2026-01-23T04:39:13.076943750+00:00,1000000,1000000,-0,-0
2026-01-23T04:39:14.076946912+00:00,1000000,1000000,-0,-0
2026-01-23T04:39:15.076949265+00:00,1000000,1000000,-0,-0
2026-01-23T04:39:16.326786043+00:00,1000000,1000000,-0,-0
2026-01-23T04:39:17.576436595+00:00,1000000,1000000,-0,-0
2026-01-23T04:39:18.576475331+00:00,1000000,1000000,-0,-0
2026-01-23T04:39:19.576653378+00:00,1000000,1000000,-0,-0
2026-01-23T04:39:20.576664853+00:00,1000000,1000000,-0,-0
2026-01-23T04:39:21.576723536+00:00,1000000,1000000,-0,-0
2026-01-23T04:39:22.576902614+00:00,1000000,1000000,-0,-0
2026-01-23T04:39:23.826393096+00:00,1000000,1000000,-0,-0
2026-01-23T04:39:24.826658215+00:00,1000000,1000000,-0,-0
2026-01-23T04:39:25.826672006+00:00,1000000,1000000,-0,-0
2026-01-23T04:39:26.826682575+00:00,1000000,1000000,-0,-0
2026-01-23T04:39:27.826692132+00:00,1000000,1000000,-0,-0
2026-01-23T04:39:28.826773212+00:00,1000000,1000000,-0,-0
2026-01-23T04:39:30.076731472+00:00,1000000,1000000,-0,-0
2026-01-23T04:39:31.076746568+00:00,1000000,1000000,-0,-0
2026-01-23T04:39:32.076747047+00:00,1000000,1000000,-0,-0
2026-01-23T04:39:33.077303605+00:00,1000000,1000000,-0,-0
2026-01-23T04:39:34.326443+00:00,1000000,1000000,-0,-0
2026-01-23T04:39:35.326580739+00:00,1000000,1000000,-0,-0
2026-01-23T04:39:36.326628030+00:00,1000000,1000000,-0,-0
2026-01-23T04:39:37.326832761+00:00,1000000,1000000,-0,-0
2026-01-23T04:39:38.326845568+00:00,1000000,1000000,-0,-0
2026-01-23T04:39:39.326853508+00:00,1000000,1000000,-0,-0
2026-01-23T04:39:40.327014478+00:00,1000000,1000000,-0,-0
2026-01-23T04:39:41.327040656+00:00,1000000,1000000,-0,-0
2026-01-23T04:39:42.576609341+00:00,1000000,1000000,-0,-0
2026-01-23T04:39:43.576619323+00:00,1000000,1000000,-0,-0
2026-01-23T04:39:44.576622317+00:00,1000000,1000000,-0,-0
2026-01-23T04:39:45.576707708+00:00,1000000,1000000,-0,-0
2026-01-23T04:39:46.576770226+00:00,1000000,1000000,-0,-0
2026-01-23T04:39:47.576777011+00:00,1000000,1000000,-0,-0
2026-01-23T04:39:48.576802479+00:00,1000000,1000000,-0,-0
2026-01-23T04:39:49.576900906+00:00,1000000,1000000,-0,-0
2026-01-23T04:39:50.576929351+00:00,1000000,1000000,-0,-0
2026-01-23T04:39:51.826528114+00:00,1000000,1000000,-0,-0
2026-01-23T04:39:52.826853609+00:00,1000000,1000000,-0,-0
2026-01-23T04:39:53.826862982+00:00,1000000,1000000,-0,-0
2026-01-23T04:39:55.076351819+00:00,1000000,1000000,-0,-0
2026-01-23T04:39:56.076935909+00:00,1000000,1000000,-0,-0
2026-01-23T04:39:57.326346202+00:00,1000000,1000000,-0,-0
2026-01-23T04:39:58.326550567+00:00,1000000,1000000,-0,-0
2026-01-23T04:39:59.326562362+00:00,1000000,1000000,-0,-0
2026-01-23T04:40:00.326766158+00:00,1000000,1000000,-0,-0
2026-01-23T04:40:01.576512999+00:00,1000000,1000000,-0,-0
2026-01-23T04:40:02.576520054+00:00,1000000,1000000,-0,-0
2026-01-23T04:40:03.576558650+00:00,1000000,1000000,-0,-0
2026-01-23T04:40:04.576560811+00:00,1000000,1000000,-0,-0
2026-01-23T04:40:05.576569758+00:00,1000000,1000000,-0,-0
2026-01-23T04:40:06.826737982+00:00,1000000,1000000,-0,-0
2026-01-23T04:40:07.826739639+00:00,1000000,1000000,-0,-0
2026-01-23T04:40:08.826743173+00:00,1000000,1000000,-0,-0
2026-01-23T04:40:09.827290464+00:00,1000000,1000000,-0,-0
2026-01-23T04:40:10.834196953+00:00,1000000,1000000,-0,-0
2026-01-23T04:40:11.843093494+00:00,1000000,1000000,-0,-0
2026-01-23T04:40:13.076904160+00:00,1000000,1000000,-0,-0
2026-01-23T04:40:14.076908526+00:00,1000000,1000000,-0,-0
2026-01-23T04:40:15.076914602+00:00,1000000,1000000,-0,-0
2026-01-23T04:40:16.326443753+00:00,1000000,1000000,-0,-0
2026-01-23T04:40:17.326455620+00:00,1000000,1000000,-0,-0
2026-01-23T04:40:18.326511602+00:00,1000000,1000000,-0,-0
2026-01-23T04:40:19.326949283+00:00,1000000,1000000,-0,-0
2026-01-23T04:40:20.326959362+00:00,1000000,1000000,-0,-0
2026-01-23T04:40:21.576463359+00:00,1000000,1000000,-0,-0
2026-01-23T04:40:22.576845524+00:00,1000000,1000000,-0,-0
2026-01-23T04:40:23.826949707+00:00,1000000,1000000,-0,-0
2026-01-23T04:40:25.077786335+00:00,1000000,1000000,-0,-0
2026-01-23T04:40:26.326647504+00:00,1000000,1000000,-0,-0
2026-01-23T04:40:27.326711075+00:00,1000000,1000000,-0,-0
2026-01-23T04:40:28.326793810+00:00,1000000,1000000,-0,-0
2026-01-23T04:40:29.326800633+00:00,1000000,1000000,-0,-0
2026-01-23T04:40:30.326881646+00:00,1000000,1000000,-0,-0
2026-01-23T04:40:31.580335131+00:00,1000000,1000000,-0,-0
2026-01-23T04:40:32.580341576+00:00,1000000,1000000,-0,-0
2026-01-23T04:40:33.580423462+00:00,1000000,1000000,-0,-0
2026-01-23T04:40:34.580753846+00:00,1000000,1000000,-0,-0
2026-01-23T04:40:35.587831238+00:00,1000000,1000000,-0,-0
2026-01-23T04:40:36.830012841+00:00,1000000,1000000,-0,-0
2026-01-23T04:40:37.830064728+00:00,1000000,1000000,-0,-0
2026-01-23T04:40:38.830070276+00:00,1000000,1000000,-0,-0
2026-01-23T04:40:39.830358567+00:00,1000000,1000000,-0,-0
2026-01-23T04:40:40.830362588+00:00,1000000,1000000,-0,-0
2026-01-23T04:40:41.830471002+00:00,1000000,1000000,-0,-0
2026-01-23T04:40:42.830803978+00:00,1000000,1000000,-0,-0
2026-01-23T04:40:43.830815782+00:00,1000000,1000000,-0,-0
2026-01-23T04:40:44.830820080+00:00,1000000,1000000,-0,-0
2026-01-23T04:40:46.080288619+00:00,1000000,1000000,-0,-0
2026-01-23T04:40:47.080293391+00:00,1000000,1000000,-0,-0
2026-01-23T04:40:48.080308024+00:00,1000000,1000000,-0,-0
2026-01-23T04:40:49.080418465+00:00,1000000,1000000,-0,-0
2026-01-23T04:40:50.080422032+00:00,1000000,1000000,-0,-0
2026-01-23T04:40:51.080436661+00:00,1000000,1000000,-0,-0
2026-01-23T04:40:52.080440141+00:00,1000000,1000000,-0,-0
2026-01-23T04:40:53.080741227+00:00,1000000,1000000,-0,-0
2026-01-23T04:40:54.330147120+00:00,1000000,1000000,-0,-0
2026-01-23T04:40:55.330155053+00:00,1000000,1000000,-0,-0
2026-01-23T04:40:56.330176110+00:00,1000000,1000000,-0,-0
2026-01-23T04:40:57.330181537+00:00,1000000,1000000,-0,-0
2026-01-23T04:40:58.330549830+00:00,1000000,1000000,-0,-0
2026-01-23T04:40:59.580079582+00:00,1000000,1000000,-0,-0
2026-01-23T04:41:00.580106131+00:00,1000000,1000000,-0,-0
2026-01-23T04:41:01.580175355+00:00,1000000,1000000,-0,-0
2026-01-23T04:41:02.580240787+00:00,1000000,1000000,-0,-0
2026-01-23T04:41:03.583520552+00:00,1000000,1000000,-0,-0
2026-01-23T04:41:04.830254863+00:00,1000000,1000000,-0,-0
2026-01-23T04:41:05.830270581+00:00,1000000,1000000,-0,-0
2026-01-23T04:41:06.830288959+00:00,1000000,1000000,-0,-0
2026-01-23T04:41:07.830340651+00:00,1000000,1000000,-0,-0
2026-01-23T04:41:08.830357484+00:00,1000000,1000000,-0,-0
2026-01-23T04:41:09.830365281+00:00,1000000,1000000,-0,-0
2026-01-23T04:41:10.832879068+00:00,1000000,1000000,-0,-0
2026-01-23T04:41:12.080110793+00:00,1000000,1000000,-0,-0
2026-01-23T04:41:13.080237432+00:00,1000000,1000000,-0,-0
2026-01-23T04:41:14.080258980+00:00,1000000,1000000,-0,-0
2026-01-23T04:41:15.080295518+00:00,1000000,1000000,-0,-0
2026-01-23T04:41:16.080310681+00:00,1000000,1000000,-0,-0
2026-01-23T04:41:17.080312523+00:00,1000000,1000000,-0,-0
2026-01-23T04:41:18.088810818+00:00,1000000,1000000,-0,-0
2026-01-23T04:41:19.330082991+00:00,1000000,1000000,-0,-0
2026-01-23T04:41:20.330199075+00:00,1000000,1000000,-0,-0
2026-01-23T04:41:21.330216306+00:00,1000000,1000000,-0,-0
2026-01-23T04:41:22.330985583+00:00,1000000,1000000,-0,-0
2026-01-23T04:41:23.331045133+00:00,1000000,1000000,-0,-0
2026-01-23T04:41:24.579976932+00:00,1000000,1000000,-0,-0
2026-01-23T04:41:25.580006985+00:00,1000000,1000000,-0,-0
2026-01-23T04:41:26.580029637+00:00,1000000,1000000,-0,-0
2026-01-23T04:41:27.580291992+00:00,1000000,1000000,-0,-0
2026-01-23T04:41:28.580309840+00:00,1000000,1000000,-0,-0
2026-01-23T04:41:29.580319170+00:00,1000000,1000000,-0,-0
2026-01-23T04:41:30.580325732+00:00,1000000,1000000,-0,-0
2026-01-23T04:41:31.580333222+00:00,1000000,1000000,-0,-0
2026-01-23T04:41:32.580337893+00:00,1000000,1000000,-0,-0
2026-01-23T04:41:33.580422918+00:00,1000000,1000000,-0,-0
2026-01-23T04:41:34.580426664+00:00,1000000,1000000,-0,-0
2026-01-23T04:41:35.580465850+00:00,1000000,1000000,-0,-0
2026-01-23T04:41:36.830111381+00:00,1000000,1000000,-0,-0
2026-01-23T04:41:37.830642020+00:00,1000000,1000000,-0,-0
2026-01-23T04:41:38.830793991+00:00,1000000,1000000,-0,-0
2026-01-23T04:41:40.080152758+00:00,1000000,1000000,-0,-0
2026-01-23T04:41:41.080159739+00:00,1000000,1000000,-0,-0
2026-01-23T04:41:42.080182295+00:00,1000000,1000000,-0,-0
2026-01-23T04:41:43.080195086+00:00,1000000,1000000,-0,-0
2026-01-23T04:41:44.080235990+00:00,1000000,1000000,-0,-0
2026-01-23T04:41:45.080695933+00:00,1000000,1000000,-0,-0
2026-01-23T04:41:46.330132008+00:00,1000000,1000000,-0,-0
2026-01-23T04:41:47.330139454+00:00,1000000,1000000,-0,-0
2026-01-23T04:41:48.330141856+00:00,1000000,1000000,-0,-0
2026-01-23T04:41:49.330151051+00:00,1000000,1000000,-0,-0
2026-01-23T04:41:50.330255391+00:00,1000000,1000000,-0,-0
2026-01-23T04:41:51.330295782+00:00,1000000,1000000,-0,-0
