ts,A_trend,B_meanrev,C_vol,D_micro,E_rel,F_rank_mr
2026-01-21 12:00:00+00:00,0.0,-0.0,0.0,0.02477867876411067,-0.13252509303557788,0.0
2026-01-21 12:01:00+00:00,0.0,-0.0,0.0,0.013778917392452848,-0.17742927856198157,0.0
2026-01-21 12:02:00+00:00,0.0,-0.0,0.0,0.01602077045494632,-0.18582262833107208,0.0
2026-01-21 12:03:00+00:00,0.0,-0.0,0.0,0.008520814796148132,-0.15493211448121122,0.0
2026-01-21 12:04:00+00:00,0.0,-0.0,0.0,0.01079870168670094,-0.11716550749889101,0.0
2026-01-21 12:05:00+00:00,0.0,-0.0,0.0,0.015928952800185824,-0.0931813992097555,0.0
2026-01-21 12:06:00+00:00,0.0,-0.0,0.0,0.030806697815594225,0.02904029823142324,0.0
2026-01-21 12:07:00+00:00,0.0,-0.0,0.0,0.04021826446224667,-0.16271426834164043,0.0
2026-01-21 12:08:00+00:00,0.0,-0.0,0.0,0.024796140105119952,-0.09487728971730015,0.0
2026-01-21 12:09:00+00:00,0.0,-0.0,0.0,0.025301888530468334,0.0261519854963028,0.0
2026-01-21 12:10:00+00:00,0.0,-0.0,0.0,0.017839123302509766,0.10209919385444623,0.0
2026-01-21 12:11:00+00:00,0.0,-0.0,0.0,0.01912689652353785,0.14979323810367956,0.0
2026-01-21 12:12:00+00:00,0.0,-0.0,0.0,0.02201944172120329,0.2022661693026182,0.0
2026-01-21 12:13:00+00:00,0.0,-0.0,0.0,0.04210323445478023,0.2559058088953339,0.0
2026-01-21 12:14:00+00:00,0.0,-0.0,0.0,0.03530843958955747,0.21612383944109304,0.0
2026-01-21 12:15:00+00:00,0.0,-0.0,0.0,0.02561158182485639,0.22679326589178722,0.0
2026-01-21 12:16:00+00:00,0.0,-0.0,0.0,0.024972176243774735,0.20804616689678432,0.0
2026-01-21 12:17:00+00:00,0.0,-0.0,0.0,0.022251138908839486,0.29132173478745654,0.0
2026-01-21 12:18:00+00:00,0.0,-0.0,0.0,0.03189894933569733,0.18377060746110255,0.0
2026-01-21 12:19:00+00:00,0.0,-0.0,0.0,0.01719837083983982,0.2433502104232938,0.0
2026-01-21 12:20:00+00:00,0.0,-0.0,0.0,0.01730821744837258,0.21226174805200568,0.0
2026-01-21 12:21:00+00:00,0.0,-0.0,0.0,0.02514135375731469,0.2859031562752228,0.0
2026-01-21 12:22:00+00:00,0.0,-0.0,0.0,0.021501615748415984,0.3589926399463897,0.0
2026-01-21 12:23:00+00:00,0.0,-0.0,0.0,0.041386666980958046,0.1742213233428557,0.0
2026-01-21 12:24:00+00:00,0.0,-0.0,0.0,0.009011621404451662,0.16814932766133858,0.0
2026-01-21 12:25:00+00:00,0.0,-0.0,0.0,0.022172933516666847,0.26959392085755796,0.0
2026-01-21 12:26:00+00:00,0.0,-0.0,0.0,0.01779348892177107,0.29526190006877434,0.0
2026-01-21 12:27:00+00:00,0.0,-0.0,0.0,0.019431413992837005,0.20762941591008985,0.0
2026-01-21 12:28:00+00:00,0.0,-0.0,0.0,0.009783635761498717,0.2522087805651283,0.0
2026-01-21 12:29:00+00:00,0.0,-0.0,0.0,0.010500606241516476,0.23962125071983253,0.0
2026-01-21 12:30:00+00:00,0.0,-0.0,0.0,0.01070929112087242,0.2875722933788104,0.0
2026-01-21 12:31:00+00:00,0.0,-0.0,0.0,0.0056620362059979674,0.2821415380256133,0.0
2026-01-21 12:32:00+00:00,0.0,-0.0,0.0,0.026763039823672133,0.17233941743991793,0.0
2026-01-21 12:33:00+00:00,0.0,-0.0,0.0,0.0076642985176974205,0.16844000046710228,0.0
2026-01-21 12:34:00+00:00,0.0,-0.0,0.0,0.011558808523166784,0.11397864005273195,0.0
2026-01-21 12:35:00+00:00,0.0,-0.0,0.0,0.026274047898773988,0.009721803902073662,0.0
2026-01-21 12:36:00+00:00,0.0,-0.0,0.0,0.007100955469559214,0.04376537126280196,0.0
2026-01-21 12:37:00+00:00,0.0,-0.0,0.0,0.010533254892815256,0.005262069990228473,0.0
2026-01-21 12:38:00+00:00,0.0,-0.0,0.0,0.009608757371802532,-0.02022156632712428,0.0
2026-01-21 12:39:00+00:00,0.0,-0.0,0.0,0.0018273116357152847,-0.02535211745400324,0.0
2026-01-21 12:40:00+00:00,0.0,-0.0,0.0,0.012703547516079015,-0.004748445287609697,0.0
2026-01-21 12:41:00+00:00,0.0,-0.0,0.0,0.004793401095412151,-0.001336672677151193,0.0
2026-01-21 12:42:00+00:00,0.0,-0.0,0.0,0.0024184072610584028,0.000883865291626563,0.0
2026-01-21 12:43:00+00:00,0.0,-0.0,0.0,0.0065418712338089725,0.017332399097657842,0.0
2026-01-21 12:44:00+00:00,0.0,-0.0,0.0,0.004065725976673776,5.3405613866628185e-05,0.0
2026-01-21 12:45:00+00:00,0.0,-0.0,0.0,0.012901969691909041,0.0015067206273596593,0.0
2026-01-21 12:46:00+00:00,0.0,-0.0,0.0,0.018070258198215585,0.06723879407572793,0.0
2026-01-21 12:47:00+00:00,0.0,-0.0,0.0,0.005306257341927034,0.0476431404635166,0.0
2026-01-21 12:48:00+00:00,0.0,-0.0,0.0,0.005787676698080771,0.04387360140484054,0.0
2026-01-21 12:49:00+00:00,0.0,-0.0,0.0,0.011217481250407368,-0.009982632102021159,0.0
2026-01-21 12:50:00+00:00,0.0,-0.0,0.0,0.016832635321795818,-0.06452554106196325,0.0
2026-01-21 12:51:00+00:00,0.0,-0.0,0.0,0.008509887549082681,-0.06482169391295987,0.0
2026-01-21 12:52:00+00:00,0.0,-0.0,0.0,0.01018643498986239,-0.045374830101325606,0.0
2026-01-21 12:53:00+00:00,0.0,-0.0,0.0,0.0035059551639363613,-0.028579122148406622,0.0
2026-01-21 12:54:00+00:00,0.0,-0.0,0.0,0.011586498109414494,-0.08398640037743692,0.0
2026-01-21 12:55:00+00:00,0.0,-0.0,0.0,0.004018604049275606,-0.0767635663270587,0.0
2026-01-21 12:56:00+00:00,0.0,-0.0,0.0,0.009736185833763544,-0.11557627643148097,0.0
2026-01-21 12:57:00+00:00,0.0,-0.0,0.0,0.003592563481635975,-0.1087592233800694,0.0
2026-01-21 12:58:00+00:00,0.0,-0.0,0.0,0.0021543195894168617,-0.09856145792012817,0.0
2026-01-21 12:59:00+00:00,0.0,-0.4979798084740063,0.0,0.002892456885810819,-0.09856145792012817,0.0
2026-01-21 13:00:00+00:00,0.0,-0.3789532650331194,0.0,0.011474696677659038,-0.05170688747484728,0.0
2026-01-21 13:01:00+00:00,0.0,-0.5885768591793883,0.0,0.01673960545958355,-0.1312963098191551,0.0
2026-01-21 13:02:00+00:00,0.0,-0.5781488829623869,0.0,0.008107427058639387,-0.12353343711810512,0.0
2026-01-21 13:03:00+00:00,0.0,-0.5630012715692212,0.0,0.003464580072131358,-0.11518552669610813,0.0
2026-01-21 13:04:00+00:00,0.0,-0.803172493235954,0.0,0.03100841041087669,-0.25837168413773126,0.0
2026-01-21 13:05:00+00:00,0.0,-0.7625603494756904,0.0,0.016866274163096474,-0.23845197108448993,0.0
2026-01-21 13:06:00+00:00,0.0,-0.7659513834600844,0.0,0.01109598415262872,-0.25580903437654007,0.0
2026-01-21 13:07:00+00:00,0.0,-0.7988663593585696,0.0,0.010114690292106654,-0.2911076071547625,0.0
2026-01-21 13:08:00+00:00,0.0,-0.7420031467063615,0.0,0.012997746991793695,-0.25853067768960775,0.0
2026-01-21 13:09:00+00:00,0.0,-0.7068849375923703,0.0,0.007145907889167586,-0.24721449703155096,0.0
2026-01-21 13:10:00+00:00,0.0,-0.7028228657638144,0.0,0.00552928512870444,-0.25761835747623535,0.0
2026-01-21 13:11:00+00:00,0.0,-0.7191840199609022,0.0,0.007983723625304447,-0.28283611209188025,0.0
2026-01-21 13:12:00+00:00,0.0,-0.6874783428156225,0.0,0.004191957976100205,-0.2743215326109379,0.0
2026-01-21 13:13:00+00:00,0.0,-0.7251983793157867,0.0,0.011308242683268362,-0.31337230655486326,0.0
2026-01-21 13:14:00+00:00,0.0,-0.6530355191565258,0.0,0.00831037462378452,-0.2771206753057605,0.0
2026-01-21 13:15:00+00:00,0.0,-0.645094879006919,0.0,0.0041427647841986185,-0.2826959530416899,0.0
2026-01-21 13:16:00+00:00,0.0,-0.5264650809894669,0.0,0.012857280114762152,-0.22519750844066033,0.0
2026-01-21 13:17:00+00:00,0.0,-0.587807263327635,0.0,0.010676788127635324,-0.26454480932891455,0.0
2026-01-21 13:18:00+00:00,0.0,-0.4743015686395425,0.0,0.011195891902110454,-0.21407427814639848,0.0
2026-01-21 13:19:00+00:00,0.1393619621955859,-0.41624560563696367,0.0,0.005907302798570939,-0.1930977840363417,0.0
2026-01-21 13:20:00+00:00,0.14234438780172548,-0.30203159655198836,0.0,0.012879258200669406,-0.14983786950221262,0.0
2026-01-21 13:21:00+00:00,0.14373621698797415,-0.35761719148626037,0.0,0.007790412065898219,-0.17708112226420888,0.0
2026-01-21 13:22:00+00:00,0.14512434437793004,-0.3060209751726769,0.0,0.006754288841655442,-0.16056054031227054,0.0
2026-01-21 13:23:00+00:00,0.14679383202272936,-0.3303335395897243,0.0,0.005145075724286467,-0.174180886502727,0.0
2026-01-21 13:24:00+00:00,0.14339541940324935,-0.2893719326551644,0.0,0.006834750259416176,-0.16323056549684034,0.0
2026-01-21 13:25:00+00:00,0.1402879753048809,-0.2580820318573275,0.0,0.014289326476519586,-0.15624815500889874,0.0
2026-01-21 13:26:00+00:00,0.1369081515019468,-0.40681505148030367,0.0,0.01895309959568206,-0.21276324140154043,0.0
2026-01-21 13:27:00+00:00,0.13298658151728726,-0.2728034221580167,0.0,0.012504387100366044,-0.17027396021744773,0.0
2026-01-21 13:28:00+00:00,0.12963155817430447,-0.27382072288554843,0.0,0.0049499294124688365,-0.17425060003983422,0.0
2026-01-21 13:29:00+00:00,0.12626506736013904,-0.34091543477128233,0.0,0.0073174359487405485,-0.19855665282977175,0.0
2026-01-21 13:30:00+00:00,0.12215648190494204,-0.35673774429565813,0.0,0.00657408256696284,-0.20513819309113673,0.0
2026-01-21 13:31:00+00:00,0.11545252309982569,-0.11559983792448368,0.0,0.020227381844828737,-0.14320247977113257,0.0
2026-01-21 13:32:00+00:00,0.1085435539033683,-0.1050542365103723,0.0,0.005000618877463383,-0.14462051751461638,0.0
2026-01-21 13:33:00+00:00,0.10061518750221451,-0.23405796988576105,0.0,0.008268752397346101,-0.17797752829578328,0.0
2026-01-21 13:34:00+00:00,0.09767360932235415,-0.7188457252897837,0.0,0.03841286810665116,-0.32157543655059356,0.0
2026-01-21 13:35:00+00:00,0.0947479130453903,-0.7103190051326519,0.0,0.007098929878564018,-0.32558234987636975,0.0
2026-01-21 13:36:00+00:00,0.09065849588245668,-0.21801268080291508,0.0,0.030459163312042313,-0.1899219638780266,0.0
2026-01-21 13:37:00+00:00,0.0838633217080695,-0.09801501065798734,0.0,0.008480162779363047,-0.16630883773687768,0.0
2026-01-21 13:38:00+00:00,0.07895686704676017,0.04121756978454172,0.0,0.005836333568133909,-0.1390063001185474,0.0
2026-01-21 13:39:00+00:00,0.07476928278915032,-0.0640419622615196,0.0,0.008489903572326365,-0.16302930854658948,0.0
2026-01-21 13:40:00+00:00,0.07162034286666709,0.07965928776704663,0.0,0.011122754947765443,-0.13582909258415418,0.0
2026-01-21 13:41:00+00:00,0.06709988375362068,0.06336504578986718,0.0,0.006560702488695352,-0.14169566476969098,0.0
2026-01-21 13:42:00+00:00,0.06071143367190434,0.4301601846079768,0.0,0.01865855836986775,-0.0641755247466497,0.0
2026-01-21 13:43:00+00:00,0.05581005679177625,0.36031333952966393,0.0,0.0104219250188387,-0.08399534447705276,0.0
2026-01-21 13:44:00+00:00,0.05122873725949552,0.38990233778384803,0.0,0.005630301394587797,-0.07992419518943983,0.0
2026-01-21 13:45:00+00:00,0.04535655038214781,0.5213149085154459,0.0,0.011491839069506245,-0.05010635176084551,0.0
2026-01-21 13:46:00+00:00,0.03852461006504144,0.34083434900046383,0.0,0.012733714859838088,-0.09828502668283866,0.0
2026-01-21 13:47:00+00:00,0.03271800374716373,0.5706376315723974,0.0,0.013772957232188953,-0.05052000450025186,0.0
2026-01-21 13:48:00+00:00,0.024329858600148673,0.8199232731965138,0.0,0.0186073537058481,0.038677770493612505,0.0
2026-01-21 13:49:00+00:00,0.016531916792419533,0.6848477527216105,0.0,0.016526677374795153,-0.017993867752621438,0.0
2026-01-21 13:50:00+00:00,0.006694473614839998,0.8137976784302194,0.0,0.012854212998721625,0.043648121113985486,0.0
2026-01-21 13:51:00+00:00,0.00020208145031228175,0.6732409801335082,0.0,0.014775925128250145,-0.012066955359168543,0.0
2026-01-21 13:52:00+00:00,-0.00468412436925937,0.5676431031867176,0.0,0.011284147992769467,-0.04380006819636813,0.0
2026-01-21 13:53:00+00:00,-0.008694810629081846,0.21153690857636256,0.0,0.01845477283528818,-0.1245169085493967,0.0
2026-01-21 13:54:00+00:00,-0.01645994416436626,0.07256306471004884,0.0,0.012822778467241924,-0.15092771835087382,0.0
2026-01-21 13:55:00+00:00,-0.023454171979921595,0.057620352829801734,0.0,0.01244868120854485,-0.15493211448121122,0.0
2026-01-21 13:56:00+00:00,-0.024641113149981936,-0.2795907335174207,0.0,0.014315767516261658,-0.21588952868191932,0.0
2026-01-21 13:57:00+00:00,-0.024783506285834384,-0.27039879829274444,0.0,0.008459692356809122,-0.21589808745487413,0.0
2026-01-21 13:58:00+00:00,-0.025436971439700293,0.102117489441708,0.0,0.018919347677955715,-0.1515954940619894,0.0
2026-01-21 13:59:00+00:00,-0.02944687771340392,0.6141680828592162,0.0,-0.013078493221315646,-0.04148691278087987,0.0
2026-01-21 14:00:00+00:00,-0.03210142879842153,0.5204812054061301,0.0,0.015030768170321058,-0.07550488614819734,0.0
2026-01-21 14:01:00+00:00,-0.03527297435700595,0.5587003198369764,0.0,-0.10742096025020342,-0.0657627042045771,0.0
2026-01-21 14:02:00+00:00,-0.03724503294878551,0.7082172624144761,0.0,-0.15395511346711085,-0.015929970224164775,0.0
2026-01-21 14:03:00+00:00,-0.038471126583123086,0.49551550450418963,0.0,-0.13190012863228323,-0.07889844578413308,0.0
2026-01-21 14:04:00+00:00,-0.0369230228381564,-0.03323765074431302,0.0,0.5402230086006118,-0.17937058307760417,0.0
2026-01-21 14:05:00+00:00,-0.024608926632335562,-0.9604231423429753,0.0,0.8865378109132371,-0.5100607030317065,0.0
2026-01-21 14:06:00+00:00,-0.015072647423969632,-0.9285596857566278,0.0,0.2983562876488541,-0.48359459348434275,0.0
2026-01-21 14:07:00+00:00,-0.005400775659829444,-0.8593974447813212,0.0,0.24397736854446214,-0.4276598851326292,0.0
2026-01-21 14:08:00+00:00,0.008032834056419242,-0.8742703137378607,0.0,-0.05339124169935688,-0.4582693843333509,0.0
2026-01-21 14:09:00+00:00,0.01821765756710897,-0.7585154272979316,0.0,-0.0638081577620026,-0.38892656615578863,0.0
2026-01-21 14:10:00+00:00,0.03589416952007853,-0.9262712161882617,0.0,0.6951237367643186,-0.5371373226337256,0.0
2026-01-21 14:11:00+00:00,0.05342383032326794,-0.930236310438735,0.0,0.4039975400008506,-0.5708429770685178,0.0
2026-01-21 14:12:00+00:00,0.06897527564899077,-0.8893671234054773,0.0,0.07380093016945037,-0.5373010625164706,0.0
2026-01-21 14:13:00+00:00,0.08616563613726526,-0.9402046812162566,0.0,0.6861445505006076,-0.6322898056780222,0.0
2026-01-21 14:14:00+00:00,0.10194995164201037,-0.8990155770927215,0.0,0.16878726911722178,-0.5789800544848592,0.0
2026-01-21 14:15:00+00:00,0.11505023104166508,-0.8135238858088953,0.0,0.1604293623254854,-0.49274200884349423,0.0
2026-01-21 14:16:00+00:00,0.1284885559580584,-0.8522668646834691,0.0,0.1737507296298344,-0.5552161444629863,0.0
2026-01-21 14:17:00+00:00,0.14149886954875315,-0.815694159528648,0.0,-0.001799860248785095,-0.5328613930266712,0.0
2026-01-21 14:18:00+00:00,0.1580889238993601,-0.839886801599477,0.0,0.10800899716131884,-0.5814934011303656,0.0
2026-01-21 14:19:00+00:00,0.17590373008541788,-0.7475720397829296,0.0,0.6211047260457463,-0.4932495734010523,0.0
2026-01-21 14:20:00+00:00,0.1909000976459108,-0.6670669311317418,0.0,0.457559250152766,-0.42906430495765685,0.0
2026-01-21 14:21:00+00:00,0.20702521785366307,-0.6681126914103404,0.0,0.12006815009218545,-0.43512307008375195,0.0
2026-01-21 14:22:00+00:00,0.22666374703055792,-0.7399796462663008,0.0,0.08681752328648953,-0.5074074190359269,0.0
2026-01-21 14:23:00+00:00,0.24621805011427245,-0.7788714858058935,0.0,0.5610348650084425,-0.5555912543091667,0.0
2026-01-21 14:24:00+00:00,0.26366542491590794,-0.7513341886862941,0.0,0.1347056990247116,-0.5427539245896439,0.0
2026-01-21 14:25:00+00:00,0.26555859284215394,-0.5827554683406024,0.0,0.24396469074705088,-0.40071355952659893,0.0
2026-01-21 14:26:00+00:00,0.2667420305005226,-0.5099852057506601,0.0,-0.11989727679922094,-0.3500312212308259,0.0
2026-01-21 14:27:00+00:00,0.26933022147856567,-0.4603588928828591,0.0,-0.11521431102668565,-0.3186072582089088,0.0
2026-01-21 14:28:00+00:00,0.2707089688761848,-0.46855635719490063,0.0,0.06952136555211286,-0.3297510885364251,0.0
2026-01-21 14:29:00+00:00,0.2776173234525288,-0.6348329225423934,0.0,0.6895014594935838,-0.4598334493133911,0.0
2026-01-21 14:30:00+00:00,0.28322087326194256,-0.7881913385426845,0.0,0.8931910652452164,-0.5981080356100451,0.0
2026-01-21 14:31:00+00:00,0.28568699630743694,-0.6908432246198154,0.0,0.43760062681197687,-0.5055732514641184,0.0
2026-01-21 14:32:00+00:00,0.2889083730151857,-0.6779998287321779,0.0,0.18979194933143625,-0.5034593669017637,0.0
2026-01-21 14:33:00+00:00,0.28951577232089326,-0.7531525710578683,0.0,0.11074018235138458,-0.5966407804708782,0.0
2026-01-21 14:34:00+00:00,0.2921887030667396,-0.7445459851098835,0.0,0.02878460969305374,-0.6032779812016682,0.0
2026-01-21 14:35:00+00:00,0.293165897730497,-0.516860070203174,0.0,0.36962801182151706,-0.3910500460895176,0.0
2026-01-21 14:36:00+00:00,0.28828599393337234,-0.41336060432583766,0.0,0.31997315980042407,-0.30593762453073653,0.0
2026-01-21 14:37:00+00:00,0.2844314224813437,-0.4255539296273484,0.0,-0.08399287083276973,-0.3221222960444849,0.0
2026-01-21 14:38:00+00:00,0.28211771275197156,-0.6237653816877275,0.0,0.0923391872446711,-0.505496757513211,0.0
2026-01-21 14:39:00+00:00,0.2831361905128139,-0.5934173447474249,0.0,-0.008518040121481121,-0.48922893786887334,0.0
2026-01-21 14:40:00+00:00,0.2827860289512859,-0.4278377198989489,0.0,0.3399265538588324,-0.3496840925281756,0.0
2026-01-21 14:41:00+00:00,0.28352883320851024,-0.522793046668545,0.0,0.14543518597962748,-0.43700474911040893,0.0
2026-01-21 14:42:00+00:00,0.2811798824941125,-0.4967566099203936,0.0,0.013007448751674503,-0.4215689541110976,0.0
2026-01-21 14:43:00+00:00,0.27592033910110486,-0.4613951722278957,0.0,0.05497699701081462,-0.39848698200745897,0.0
2026-01-21 14:44:00+00:00,0.27037047949221416,-0.4285955520550824,0.0,-0.06091358624156025,-0.37839729826583124,0.0
2026-01-21 14:45:00+00:00,0.2678879507289471,-0.30160140899190524,0.0,-0.06492809962718604,-0.28431753276944277,0.0
2026-01-21 14:46:00+00:00,0.26592932530962554,-0.21630289378381873,0.0,0.1525296257135093,-0.22296095674835423,0.0
2026-01-21 14:47:00+00:00,0.26842693307524307,-0.4601395658979544,0.0,0.15962859505921753,-0.4117352828540476,0.0
2026-01-21 14:48:00+00:00,0.2687102635224147,-0.29743276531080215,0.0,0.1885477423945,-0.2933751109974352,0.0
2026-01-21 14:49:00+00:00,0.2633581502885976,-0.26141247681460705,0.0,-0.0984251732091001,-0.27387914646393385,0.0
2026-01-21 14:50:00+00:00,0.25016277690215816,-0.2094555647370983,0.0,-0.05522972972297226,-0.24136094795227542,0.0
2026-01-21 14:51:00+00:00,0.2392069852268133,-0.14666015887059852,0.0,-0.10497987850738003,-0.20577543137367035,0.0
2026-01-21 14:52:00+00:00,0.22781592101431186,-0.1302283723993814,0.0,-0.020268897769105707,-0.20023086082190464,0.0
2026-01-21 14:53:00+00:00,0.2141098056704833,-0.25793621865020533,0.0,0.04895059608573042,-0.2844062522424532,0.0
2026-01-21 14:54:00+00:00,0.20222983116272866,-0.331477025268985,0.0,-0.019777761199755564,-0.33302179336043586,0.0
2026-01-21 14:55:00+00:00,0.19895256550700893,-0.3321354841964258,0.0,0.01798461052461976,-0.3360527635311233,0.0
2026-01-21 14:56:00+00:00,0.1994720819521097,-0.47340850043394067,0.0,0.24879190645928126,-0.4228172813292097,0.0
2026-01-21 14:57:00+00:00,0.20106215644876155,-0.564730864236732,0.0,0.00817589880291488,-0.4840156407105418,0.0
2026-01-21 14:58:00+00:00,0.1959003937166961,-0.56650332702629,0.0,0.07977073333997085,-0.48635511359783395,0.0
2026-01-21 14:59:00+00:00,0.18981843130419246,-0.4574150586323702,0.0,0.05098905903077747,-0.41889405678188135,0.0
2026-01-21 15:00:00+00:00,0.18888883673087337,-0.5035156861745208,0.0,-0.15216107076471358,-0.44116832540754747,0.0
2026-01-21 15:01:00+00:00,0.1847780891330447,-0.5083994987380549,0.0,-0.14728888545877825,-0.43961756866728874,0.0
2026-01-21 15:02:00+00:00,0.1806170487092328,-0.5330580614941277,0.0,0.08692683458200705,-0.4399664211806074,0.0
2026-01-21 15:03:00+00:00,0.18011212912049573,-0.7441166735574791,0.0,0.44696866970292437,-0.5341564620384851,0.0
2026-01-21 15:04:00+00:00,0.17602510113102315,-0.3851571636222218,0.0,0.238603693251871,-0.35515889224424024,0.0
2026-01-21 15:05:00+00:00,0.1775051577348941,-0.6789889373720571,0.0,-0.07973358798777441,-0.47723972529930386,0.0
2026-01-21 15:06:00+00:00,0.18157084003258328,-0.6727542930208943,0.0,0.37118818310344087,-0.4726342080594923,0.0
2026-01-21 15:07:00+00:00,0.18270980612837975,-0.8694042753412664,0.0,0.4070978188114561,-0.6011859349375767,0.0
2026-01-21 15:08:00+00:00,0.1880458482910053,-0.8688534992304182,0.0,0.16845633237377655,-0.6102106232777094,0.0
2026-01-21 15:09:00+00:00,0.19359465540102574,-0.8298284139921974,0.0,0.11720901389227927,-0.579030041389064,0.0
2026-01-21 15:10:00+00:00,0.19945421233988944,-0.8095080952332397,0.0,0.1482175275730671,-0.5725602261856705,0.0
2026-01-21 15:11:00+00:00,0.20708507323398345,-0.803674110174274,0.0,-0.10125739500728372,-0.580623986225791,0.0
2026-01-21 15:12:00+00:00,0.2159618685548906,-0.8238768091256751,0.0,-0.12231822370124439,-0.6085511291476621,0.0
2026-01-21 15:13:00+00:00,0.22265902046085143,-0.7957692416780263,0.0,-0.009709909277901111,-0.6012153773911209,0.0
2026-01-21 15:14:00+00:00,0.2301188354756801,-0.8579767047867698,0.0,0.29534096103657353,-0.6644905129263967,0.0
2026-01-21 15:15:00+00:00,0.23765325595225772,-0.8350946665291514,0.0,0.209243400250766,-0.6581242574878547,0.0
2026-01-21 15:16:00+00:00,0.24295064634336716,-0.829204295825022,0.0,0.28177686547315084,-0.6655917480590939,0.0
2026-01-21 15:17:00+00:00,0.24775005647747245,-0.8611660129076205,0.0,0.03551312795555316,-0.71173902455333,0.0
2026-01-21 15:18:00+00:00,0.25232951850313723,-0.8434024999427729,0.0,0.3938323690953162,-0.7102408813510561,0.0
2026-01-21 15:19:00+00:00,0.2573715141908645,-0.7843093499869798,0.0,0.134688099918172,-0.6747342120482567,0.0
2026-01-21 15:20:00+00:00,0.2587561874960048,-0.6370144690688765,0.0,0.04933290731996864,-0.5835624153165436,0.0
2026-01-21 15:21:00+00:00,0.2582892078694743,-0.5391170232143468,0.0,0.13974665199259234,-0.5320757334010412,0.0
2026-01-21 15:22:00+00:00,0.2587469318885518,-0.6327023223424119,0.0,-0.15814276976731223,-0.5905359010207478,0.0
2026-01-21 15:23:00+00:00,0.2564869071565514,-0.6462927676170149,0.0,-0.1771783025319745,-0.6066678763790623,0.0
2026-01-21 15:24:00+00:00,0.26054826837577794,-0.5807265526200529,0.0,-0.07843145017065102,-0.5751687991948906,0.0
2026-01-21 15:25:00+00:00,0.2625397893295017,-0.5369760708455508,0.0,-0.22746542389405022,-0.5547679224419582,0.0
2026-01-21 15:26:00+00:00,0.2650560798628607,-0.5825128673536323,0.0,-0.2543619767649129,-0.5823816793478203,0.0
2026-01-21 15:27:00+00:00,0.25894315646698873,-0.3769599430420372,0.0,0.06403074814057155,-0.47838558576835105,0.0
2026-01-21 15:28:00+00:00,0.25049597382931293,-0.23494435831864588,0.0,-0.05976055890853081,-0.41366675596650354,0.0
2026-01-21 15:29:00+00:00,0.24151744814900206,-0.14433719777135867,0.0,-0.0022951854565813157,-0.3699026024527661,0.0
2026-01-21 15:30:00+00:00,0.23357763093152586,-0.09801737010367668,0.0,-0.1820974622969028,-0.34798168175293154,0.0
2026-01-21 15:31:00+00:00,0.22607190580465622,-0.14383003130305802,0.0,9.483962864855372e-05,-0.3671719748376151,0.0
2026-01-21 15:32:00+00:00,0.21814637482546873,-0.2515112606548076,0.0,-0.11418680704310734,-0.416710630937198,0.0
2026-01-21 15:33:00+00:00,0.21265047765618264,-0.30563832163079635,0.0,-0.18025604539757026,-0.44171639108008864,0.0
2026-01-21 15:34:00+00:00,0.20408708744605186,-0.3670498273185438,0.0,-0.23364244064902687,-0.46952316951586837,0.0
2026-01-21 15:35:00+00:00,0.1937233385399697,-0.2656897942020274,0.0,-0.19233972170050384,-0.4249970871538795,0.0
2026-01-21 15:36:00+00:00,0.1834096425108837,-0.28071229291424554,0.0,-0.2725046441204414,-0.4320305470468526,0.0
2026-01-21 15:37:00+00:00,0.16844079538890974,-0.13216906008655296,0.0,-0.13726984016083363,-0.3462627800946563,0.0
2026-01-21 15:38:00+00:00,0.1504541792920224,0.1537727799077756,0.0,-0.021124667232492962,-0.21174863207643843,0.0
2026-01-21 15:39:00+00:00,0.13537448050028686,-0.05427422771700137,0.0,-0.08956219976458968,-0.3088221433505292,0.0
2026-01-21 15:40:00+00:00,0.12259008284146784,0.12030364555062961,0.0,-0.2568119762009349,-0.23083404516794323,0.0
2026-01-21 15:41:00+00:00,0.11512555997178014,-0.17123081024134174,0.0,-0.1674643054625302,-0.3632830918466685,0.0
2026-01-21 15:42:00+00:00,0.10522088600399847,-0.10011554308702826,0.0,-0.19072800345018392,-0.3330268771143545,0.0
2026-01-21 15:43:00+00:00,0.09467546882560286,-0.05747485932735576,0.0,-0.3008281456531349,-0.316428349889884,0.0
2026-01-21 15:44:00+00:00,0.0869551222506383,-0.19206256166062158,0.0,-0.3418143181964212,-0.3768268299186765,0.0
2026-01-21 15:45:00+00:00,0.0782539930032679,-0.13837358782885695,0.0,-0.34572406886576923,-0.354073435653979,0.0
2026-01-21 15:46:00+00:00,0.0665309753171109,-0.017582637877158403,0.0,-0.20006668076131234,-0.3037463288361305,0.0
2026-01-21 15:47:00+00:00,0.06040219103239447,-0.15836669367604247,0.0,-0.26966203894060736,-0.3619555835004666,0.0
2026-01-21 15:48:00+00:00,0.05830346291450333,-0.28403709416077944,0.0,0.19665224307639373,-0.39598785931363395,0.0
2026-01-21 15:49:00+00:00,0.0582602041542447,-0.20333110546810254,0.0,-0.3120412125498789,-0.36536318281484687,0.0
2026-01-21 15:50:00+00:00,0.06214298497404713,-0.3249044485787437,0.0,-0.27768681061789097,-0.41113069909196437,0.0
2026-01-21 15:51:00+00:00,0.06670601334664386,-0.5424210501896587,0.0,-0.0004749924226913526,-0.49178211186727677,0.0
2026-01-21 15:52:00+00:00,0.0679078538275299,-0.39670042579149156,0.0,-0.2558425868818306,-0.4351743207607944,0.0
2026-01-21 15:53:00+00:00,0.07100153674729794,-0.5722411744857114,0.0,-0.14745675610336015,-0.4968868658374571,0.0
2026-01-21 15:54:00+00:00,0.07289917200370305,-0.5497973968681685,0.0,-0.34828308058189,-0.48408690369577345,0.0
2026-01-21 15:55:00+00:00,0.074132131832025,-0.5299335415938324,0.0,-0.29615039158192835,-0.476164789907983,0.0
2026-01-21 15:56:00+00:00,0.07430001904991826,-0.5287096057931424,0.0,-0.30279267947818067,-0.46691767014752883,0.0
2026-01-21 15:57:00+00:00,0.07581816999764222,-0.3947714178745054,0.0,-0.2784059634612209,-0.4256213920139886,0.0
2026-01-21 15:58:00+00:00,0.08400447817073407,-0.4447249902878508,0.0,-0.29414499745115,-0.4408496097734436,0.0
2026-01-21 15:59:00+00:00,0.08823452839852393,-0.371465281334732,0.0,-0.2987387851767198,-0.4170128706749219,-0.9895597486128832
2026-01-21 16:00:00+00:00,0.09350378857188675,-0.3333237832383767,0.0,-0.290673174388594,-0.40388894263045444,-0.9878803970168318
