trade_date,entry_time,exit_time,direction,entry_straddle,exit_straddle,entry_straddle_pct,exit_straddle_pct,entry_ce,exit_ce,entry_pe,exit_pe,entry_z,exit_z,atm_strike,expiry,pnl_points,pnl_ce,pnl_pe,cost_points,exit_reason,bars_held
2024-10-29,2024-10-29 13:33:00,2024-10-29 14:00:00,1,221.39999389648438,231.75,0.009109554966458999,0.009520112698313618,138.39999389648438,164.0500030517578,83.0,67.69999694824219,-2.521059724958955,0.38295192915368775,24250.0,2024-10-31 00:00:00,-1.649993896484375,25.650009155273438,-15.300003051757812,12.0,mean_revert,27
2024-10-30,2024-10-30 12:05:00,2024-10-30 13:05:00,1,174.75,179.5500030517578,0.007150163666121113,0.007329888058059216,105.5,137.3000030517578,69.25,42.25,-2.9370233709175877,0.04018904168837178,24400.0,2024-10-31 00:00:00,-7.1999969482421875,31.800003051757812,-27.0,12.0,mean_revert,60
2024-10-31,2024-10-31 12:20:00,2024-10-31 13:20:00,-1,93.70000171661377,106.30000162124634,0.0038684880581694213,0.004392543970358959,6.300000190734863,3.6500000953674316,87.4000015258789,102.6500015258789,2.627564149154975,1.050748728123678,24300.0,2024-10-31 00:00:00,-24.59999990463257,2.6500000953674316,-15.25,12.0,max_hold,60
2024-11-04,2024-11-04 14:09:00,2024-11-04 15:00:00,1,438.04998779296875,407.39998626708984,0.01823153377337555,0.01691017708231321,104.0,122.3499984741211,334.04998779296875,285.04998779296875,-2.620246358046286,-1.9066795527976104,24150.0,2024-11-07 00:00:00,-42.650001525878906,18.349998474121094,-49.0,12.0,eod_force,51
2024-11-05,2024-11-05 11:29:00,2024-11-05 11:40:00,-1,390.00001525878906,409.9500045776367,0.016212846196582375,0.017064256757308823,111.30000305175781,108.3499984741211,278.70001220703125,301.6000061035156,2.856150191694226,4.064802365667276,24100.0,2024-11-07 00:00:00,-31.949989318847656,2.9500045776367188,-22.899993896484375,12.0,stop_z_trend,11
2024-11-08,2024-11-08 12:07:00,2024-11-08 12:34:00,-1,343.8999938964844,323.25,0.014223232958547665,0.013346049539822399,73.25,85.5,270.6499938964844,237.75,2.8299236489207225,-0.4120897083195232,24300.0,2024-11-14 00:00:00,8.649993896484375,-12.25,32.899993896484375,12.0,mean_revert,27
2024-11-11,2024-11-11 12:02:00,2024-11-11 13:02:00,1,254.0999984741211,244.29999542236328,0.010433604273389222,0.010045931976082988,165.4499969482422,141.9499969482422,88.6500015258789,102.3499984741211,-2.5421513222582477,-1.273984033424691,24200.0,2024-11-14 00:00:00,-21.800003051757812,-23.5,13.699996948242188,12.0,max_hold,60
2024-11-12,2024-11-12 12:40:00,2024-11-12 12:41:00,-1,298.4000129699707,307.1499938964844,0.012358666927727096,0.012727358703240385,34.45000076293945,33.75,263.95001220703125,273.3999938964844,4.169883776370332,4.6380130182133446,24300.0,2024-11-14 00:00:00,-20.749980926513672,0.7000007629394531,-9.449981689453125,12.0,stop_z_trend,1
2024-11-13,2024-11-13 12:47:00,2024-11-13 13:38:00,-1,250.10000038146973,230.94999313354492,0.010538069370980058,0.009725479508252845,31.100000381469727,27.299999237060547,219.0,203.64999389648438,3.3609270117721066,-0.24288211620102115,23850.0,2024-11-14 00:00:00,7.150007247924805,3.8000011444091797,15.350006103515625,12.0,mean_revert,51
2024-11-14,2024-11-14 11:14:00,2024-11-14 12:12:00,-1,277.99998784065247,227.49999690055847,0.011792402292335042,0.009626227371946997,2.950000047683716,3.049999952316284,275.04998779296875,224.4499969482422,2.743962871972211,-0.09405395679060581,23750.0,2024-11-14 00:00:00,38.499990940093994,-0.09999990463256836,50.59999084472656,12.0,mean_revert,58
2024-11-18,2024-11-18 12:30:00,2024-11-18 12:51:00,-1,287.1000061035156,264.09999084472656,0.012145852413410053,0.0111973200561658,209.8000030517578,174.39999389648438,77.30000305175781,89.69999694824219,2.652271314489593,-0.38615606827049787,23450.0,2024-11-21 00:00:00,11.000015258789062,35.40000915527344,-12.399993896484375,12.0,mean_revert,21
2024-11-19,2024-11-19 14:08:00,2024-11-19 14:09:00,-1,186.25,190.10000610351562,0.007835869431867419,0.008000842007723722,74.5,72.55000305175781,111.75,117.55000305175781,3.1441963153321844,4.46805788531666,23750.0,2024-11-21 00:00:00,-15.850006103515625,1.9499969482421875,-5.8000030517578125,12.0,stop_z_trend,1
2024-11-21,2024-11-21 12:48:00,2024-11-21 13:21:00,1,34.999999046325684,45.70000076293945,0.0014977619250285512,0.0019545702095471744,28.299999237060547,40.95000076293945,6.699999809265137,4.75,-3.084517564426944,0.21560991351331618,23300.0,2024-11-21 00:00:00,-1.2999982833862305,12.650001525878906,-1.9499998092651367,12.0,mean_revert,33
2024-11-25,2024-11-25 12:56:00,2024-11-25 12:57:00,-1,320.1499938964844,339.0999984741211,0.01323672271293839,0.014047573385700876,102.69999694824219,89.6500015258789,217.4499969482422,249.4499969482422,3.349243559906876,5.20529134024599,24300.0,2024-11-28 00:00:00,-30.95000457763672,13.049995422363281,-32.0,12.0,stop_z_trend,1
2024-11-26,2024-11-26 12:56:00,2024-11-26 13:38:00,1,230.5500030517578,239.54999542236328,0.00952646597461914,0.009920897681701454,115.80000305175781,93.4000015258789,114.75,146.14999389648438,-2.6767291555112736,0.5900950455137174,24200.0,2024-11-28 00:00:00,-3.0000076293945312,-22.400001525878906,31.399993896484375,12.0,mean_revert,42
2024-11-27,2024-11-27 12:20:00,2024-11-27 12:22:00,-1,178.29999923706055,189.0500030517578,0.0073483503295201005,0.007786725005735849,121.0,134.3000030517578,57.29999923706055,54.75,2.5866638885147792,4.130001043327751,24200.0,2024-11-28 00:00:00,-22.750003814697266,-13.300003051757812,2.549999237060547,12.0,stop_z_trend,2
2024-11-29,2024-11-29 11:23:00,2024-11-29 12:23:00,1,357.6999969482422,342.5,0.014731076391905205,0.01412569207715096,166.8000030517578,137.4499969482422,190.89999389648438,205.0500030517578,-2.659779025998667,-1.1926080478826941,24200.0,2024-12-05 00:00:00,-27.199996948242188,-29.350006103515625,14.150009155273438,12.0,max_hold,60
2024-12-02,2024-12-02 13:59:00,2024-12-02 14:14:00,1,321.0,328.4499969482422,0.013153581380101623,0.013445278052458095,149.89999389648438,165.14999389648438,171.10000610351562,163.3000030517578,-2.5223865608734553,0.06315692071466653,24300.0,2024-12-05 00:00:00,-4.5500030517578125,15.25,-7.8000030517578125,12.0,mean_revert,15
2024-12-03,2024-12-03 13:34:00,2024-12-03 13:53:00,-1,277.5,269.75,0.011292583543300835,0.010974592648345166,146.6999969482422,143.0500030517578,130.8000030517578,126.69999694824219,2.949119132188786,-0.10377874557797553,24450.0,2024-12-05 00:00:00,-4.25,3.649993896484375,4.100006103515625,12.0,mean_revert,19
2024-12-04,2024-12-04 11:55:00,2024-12-04 11:56:00,-1,297.49999618530273,316.9999885559082,0.012123039142714804,0.012940967290825734,42.04999923706055,32.70000076293945,255.4499969482422,284.29998779296875,7.972946932575393,7.723329843026629,24650.0,2024-12-05 00:00:00,-31.49999237060547,9.349998474121094,-28.849990844726562,12.0,stop_z_trend,1
2024-12-06,2024-12-06 12:21:00,2024-12-06 13:21:00,1,386.8000030517578,383.1999969482422,0.015600076752205923,0.01545363795449977,149.5500030517578,149.5,237.25,233.6999969482422,-2.6389464344536155,-0.7815419020540348,24800.0,2024-12-12 00:00:00,-15.600006103515625,-0.0500030517578125,-3.5500030517578125,12.0,max_hold,60
2024-12-10,2024-12-10 12:15:00,2024-12-10 12:16:00,-1,313.7000045776367,298.7999954223633,0.012721779693721708,0.01210745959813458,61.900001525878906,63.900001525878906,251.8000030517578,234.89999389648438,7.397528385075688,4.477801617304693,24750.0,2024-12-12 00:00:00,2.9000091552734375,-2.0,16.900009155273438,12.0,stop_z_trend,1
2024-12-11,2024-12-11 13:26:00,2024-12-11 14:26:00,1,148.75,145.20000076293945,0.006010027971566634,0.005870224409255689,50.599998474121094,42.29999923706055,98.1500015258789,102.9000015258789,-2.5049041107778676,-0.9267904556332051,24700.0,2024-12-12 00:00:00,-15.549999237060547,-8.299999237060547,4.75,12.0,max_hold,60
2024-12-12,2024-12-12 12:06:00,2024-12-12 13:06:00,-1,165.39999389648438,152.8499937057495,0.0067112321399249095,0.006200119406790298,7.75,7.199999809265137,157.64999389648438,145.64999389648438,5.210431699812197,0.8383469715217398,24700.0,2024-12-12 00:00:00,0.5500001907348633,0.5500001907348633,12.0,12.0,max_hold,60
2024-12-16,2024-12-16 13:19:00,2024-12-16 14:19:00,1,345.59999084472656,334.3499984741211,0.013964764459541238,0.013521656427149314,121.19999694824219,104.4000015258789,224.39999389648438,229.9499969482422,-2.7345870297546924,-1.1682545112952851,24800.0,2024-12-19 00:00:00,-23.24999237060547,-16.79999542236328,5.5500030517578125,12.0,max_hold,60
2024-12-17,2024-12-17 12:56:00,2024-12-17 13:29:00,1,295.24999237060547,322.80001068115234,0.012053110942535153,0.013223248845341208,92.5999984741211,62.849998474121094,202.64999389648438,259.95001220703125,-2.5353643974129945,0.12144879375147706,24550.0,2024-12-19 00:00:00,15.550018310546875,-29.75,57.300018310546875,12.0,mean_revert,33
2024-12-18,2024-12-18 12:36:00,2024-12-18 12:37:00,-1,205.20000457763672,206.90000534057617,0.008465346723499865,0.008538331786004825,44.849998474121094,42.29999923706055,160.35000610351562,164.60000610351562,4.806099006876809,4.643963616378087,24300.0,2024-12-19 00:00:00,-13.700000762939453,2.549999237060547,-4.25,12.0,stop_z_trend,1
2024-12-23,2024-12-23 14:27:00,2024-12-23 15:00:00,1,197.39999389648438,198.4000015258789,0.008313259117262354,0.008347270056730256,97.94999694824219,110.5,99.44999694824219,87.9000015258789,-2.581974540360194,-1.1548541222951922,23750.0,2024-12-26 00:00:00,-10.999992370605469,12.550003051757812,-11.549995422363281,12.0,eod_force,33
2024-12-26,2024-12-26 13:34:00,2024-12-26 13:35:00,-1,143.2000026702881,112.04999828338623,0.006046505948638669,0.004725555037993641,8.649999618530273,9.199999809265137,134.5500030517578,102.8499984741211,8.058487336935192,4.208513127421456,23800.0,2024-12-26 00:00:00,19.150004386901855,-0.5500001907348633,31.70000457763672,12.0,stop_z_trend,1
2024-12-27,2024-12-27 12:16:00,2024-12-27 13:06:00,-1,345.29999923706055,328.6000061035156,0.014379591660883036,0.013681349126192023,58.79999923706055,58.25,286.5,270.3500061035156,2.9568177543755105,-0.1278137984120478,24100.0,2025-01-02 00:00:00,4.699993133544922,0.5499992370605469,16.149993896484375,12.0,mean_revert,50
2024-12-30,2024-12-30 11:50:00,2024-12-30 12:50:00,-1,274.8000030517578,285.1000061035156,0.011418574885824479,0.011902972866713244,157.5500030517578,105.30000305175781,117.25,179.8000030517578,3.1624174740306072,1.5350192153463782,23900.0,2025-01-02 00:00:00,-22.300003051757812,52.25,-62.55000305175781,12.0,max_hold,60
2024-12-31,2024-12-31 14:03:00,2024-12-31 14:17:00,-1,291.8000030517578,276.5,0.012242808640847291,0.011613913824477212,181.75,161.75,110.05000305175781,114.75,3.013053590111198,-0.3397985984581649,23650.0,2025-01-02 00:00:00,3.3000030517578125,20.0,-4.6999969482421875,12.0,mean_revert,14
2025-01-01,2025-01-01 13:38:00,2025-01-01 14:01:00,1,253.79999542236328,270.4000015258789,0.010627584210305711,0.011288090953651617,135.89999389648438,183.75,117.9000015258789,86.6500015258789,-2.6729425194950958,0.14250284272142413,23750.0,2025-01-02 00:00:00,4.600006103515625,47.850006103515625,-31.25,12.0,mean_revert,23
2025-01-02,2025-01-02 12:30:00,2025-01-02 12:57:00,-1,213.35000228881836,173.00000762939453,0.008842534066531335,0.007164748100281394,153.3000030517578,137.85000610351562,60.04999923706055,35.150001525878906,2.9185917228417213,-0.7255431763521436,23950.0,2025-01-02 00:00:00,28.349994659423828,15.449996948242188,24.89999771118164,12.0,mean_revert,27
2025-01-03,2025-01-03 11:19:00,2025-01-03 12:19:00,1,335.45001220703125,321.5999984741211,0.013876221508569143,0.013304099552149964,129.60000610351562,123.4000015258789,205.85000610351562,198.1999969482422,-2.585269200826659,-0.9608914690498087,24150.0,2025-01-09 00:00:00,-25.850013732910156,-6.200004577636719,-7.6500091552734375,12.0,max_hold,60
2025-01-08,2025-01-08 13:31:00,2025-01-08 14:31:00,1,206.09999656677246,178.45000457763672,0.00869987321936566,0.007510459105781218,27.149999618530273,47.349998474121094,178.9499969482422,131.10000610351562,-2.9735330824957584,-1.0067327297203905,23750.0,2025-01-09 00:00:00,-39.64999198913574,20.19999885559082,-47.84999084472656,12.0,max_hold,60
2025-01-13,2025-01-13 11:21:00,2025-01-13 12:21:00,1,293.5,286.8499984741211,0.012578212051084255,0.012326527627974827,142.35000610351562,105.8499984741211,151.14999389648438,181.0,-2.664443864088039,-1.2215866749456745,23300.0,2025-01-16 00:00:00,-18.650001525878906,-36.50000762939453,29.850006103515625,12.0,max_hold,60
2025-01-14,2025-01-14 12:39:00,2025-01-14 13:39:00,1,187.0500030517578,185.20000076293945,0.008041633749249112,0.00796992789092528,76.25,63.45000076293945,110.80000305175781,121.75,-2.5953020716836632,-1.518169261684714,23250.0,2025-01-16 00:00:00,-13.85000228881836,-12.799999237060547,10.949996948242188,12.0,max_hold,60
2025-01-15,2025-01-15 12:32:00,2025-01-15 13:14:00,1,125.45000457763672,131.64999771118164,0.005385946594833532,0.005657012620796736,33.150001525878906,26.700000762939453,92.30000305175781,104.94999694824219,-2.5158628798267824,0.03216610108000423,23300.0,2025-01-16 00:00:00,-5.800006866455078,-6.450000762939453,12.649993896484375,12.0,mean_revert,42
2025-01-16,2025-01-16 12:45:00,2025-01-16 13:45:00,1,112.50000286102295,99.35000157356262,0.0048085966908042975,0.0042444568536575645,4.949999809265137,3.200000047683716,107.55000305175781,96.1500015258789,-2.825429965539371,-1.5441355709074862,23400.0,2025-01-16 00:00:00,-25.150001287460327,-1.749999761581421,-11.400001525878906,12.0,max_hold,60
2025-01-20,2025-01-20 13:16:00,2025-01-20 13:26:00,-1,332.1999969482422,314.0499954223633,0.014168334982342311,0.013416066617782569,246.9499969482422,220.89999389648438,85.25,93.1500015258789,3.11917708188362,-0.009924024550582743,23250.0,2025-01-23 00:00:00,6.150001525878906,26.050003051757812,-7.900001525878906,12.0,mean_revert,10
2025-01-22,2025-01-22 12:25:00,2025-01-22 12:28:00,-1,185.90000343322754,196.35000228881836,0.00806782354431917,0.00852491055199472,30.600000381469727,31.299999237060547,155.3000030517578,165.0500030517578,3.0079895363978744,4.333812817679614,23150.0,2025-01-23 00:00:00,-22.44999885559082,-0.6999988555908203,-9.75,12.0,stop_z_trend,3
2025-01-28,2025-01-28 14:26:00,2025-01-28 14:27:00,-1,360.94998931884766,365.3499984741211,0.015603284557694273,0.01578714249799052,295.54998779296875,303.5,65.4000015258789,61.849998474121094,6.326193085775999,5.813424208695155,22900.0,2025-01-30 00:00:00,-16.400009155273438,-7.95001220703125,3.5500030517578125,12.0,stop_z_trend,1
2025-01-29,2025-01-29 11:30:00,2025-01-29 11:48:00,1,297.15000915527344,316.9000015258789,0.012872776091411287,0.013705383582885266,162.8000030517578,194.5500030517578,134.35000610351562,122.3499984741211,-2.5944971791250224,0.8165406030769687,23050.0,2025-01-30 00:00:00,7.749992370605469,31.75,-12.000007629394531,12.0,mean_revert,18
2025-01-30,2025-01-30 12:47:00,2025-01-30 13:47:00,1,126.44999694824219,75.75000190734863,0.005437575347606846,0.0032604485820750067,89.19999694824219,52.150001525878906,37.25,23.600000381469727,-2.584564788664619,-1.9186378313171644,23200.0,2025-01-30 00:00:00,-62.699995040893555,-37.04999542236328,-13.649999618530273,12.0,max_hold,60
2025-02-01,2025-02-01 11:33:00,2025-02-01 11:51:00,1,428.5,463.8000183105469,0.018072543230704344,0.019727020684222187,226.5,138.60000610351562,202.0,325.20001220703125,-2.5124529259832418,1.1359314344493867,23650.0,2025-02-06 00:00:00,23.300018310546875,-87.89999389648438,123.20001220703125,12.0,mean_revert,18
2025-02-04,2025-02-04 14:01:00,2025-02-04 15:00:00,1,252.10000610351562,195.8000030517578,0.010618090180204933,0.0082338100526391,132.8000030517578,120.80000305175781,119.30000305175781,75.0,-2.5125518010610772,-1.7651635682784212,23650.0,2025-02-06 00:00:00,-68.30000305175781,-12.0,-44.30000305175781,12.0,eod_force,59
2025-02-06,2025-02-06 13:46:00,2025-02-06 14:41:00,-1,137.8999969959259,124.70000302791595,0.0058234796028684924,0.005264491198881917,2.200000047683716,0.8999999761581421,135.6999969482422,123.80000305175781,2.8874377201833745,-0.6693205252542587,23700.0,2025-02-06 00:00:00,1.1999939680099487,1.3000000715255737,11.899993896484375,12.0,mean_revert,55
2025-02-07,2025-02-07 13:52:00,2025-02-07 13:53:00,-1,332.9500045776367,344.99998474121094,0.014108051041425285,0.014635574040107971,89.8499984741211,84.94999694824219,243.10000610351562,260.04998779296875,2.5053854078691065,4.1279913997813535,23700.0,2025-02-13 00:00:00,-24.04998016357422,4.900001525878906,-16.949981689453125,12.0,stop_z_trend,1
2025-02-10,2025-02-10 14:23:00,2025-02-10 14:29:00,-1,309.6500015258789,299.75,0.013236950892967845,0.012798889837745516,79.6500015258789,86.75,230.0,213.0,2.6085530871983114,-0.42112510392091557,23500.0,2025-02-13 00:00:00,-2.0999984741210938,-7.099998474121094,17.0,12.0,mean_revert,6
2025-02-11,2025-02-11 12:55:00,2025-02-11 12:56:00,-1,255.3000030517578,270.74999237060547,0.010968779954890866,0.011640780023458074,66.30000305175781,61.349998474121094,189.0,209.39999389648438,5.277814466165007,7.192553387991285,23350.0,2025-02-13 00:00:00,-27.449989318847656,4.950004577636719,-20.399993896484375,12.0,stop_z_trend,1
2025-02-12,2025-02-12 11:44:00,2025-02-12 11:45:00,-1,253.75000762939453,268.75000762939453,0.010980190181270324,0.011616523043580448,199.10000610351562,220.35000610351562,54.650001525878906,48.400001525878906,5.311243694079429,5.926586331235976,22900.0,2025-02-13 00:00:00,-27.0,-21.25,6.25,12.0,stop_z_trend,1
2025-02-13,2025-02-13 13:26:00,2025-02-13 13:32:00,-1,118.24999713897705,131.05000162124634,0.005093755298085841,0.005648694602304895,5.550000190734863,4.650000095367432,112.69999694824219,126.4000015258789,3.9044003801681826,4.02599987678085,23250.0,2025-02-13 00:00:00,-24.800004482269287,0.9000000953674316,-13.700004577636719,12.0,stop_z_trend,6
2025-02-14,2025-02-14 13:02:00,2025-02-14 13:21:00,-1,442.65000915527344,410.84999084472656,0.01936131571729757,0.017922382053872147,64.05000305175781,75.30000305175781,378.6000061035156,335.54998779296875,2.7960737509503315,-0.05719464410862222,23150.0,2025-02-20 00:00:00,19.800018310546875,-11.25,43.050018310546875,12.0,mean_revert,19
2025-02-17,2025-02-17 13:14:00,2025-02-17 13:33:00,1,314.25,328.1999969482422,0.013708938620599399,0.014286148954968957,173.75,208.1999969482422,140.5,120.0,-2.8571081520587644,1.478820911655423,22850.0,2025-02-20 00:00:00,1.9499969482421875,34.44999694824219,-20.5,12.0,mean_revert,19
2025-02-19,2025-02-19 13:08:00,2025-02-19 13:33:00,-1,213.69999313354492,193.90000534057617,0.009303681833190863,0.008435551073381547,49.29999923706055,51.54999923706055,164.39999389648438,142.35000610351562,2.846052363774141,-0.06991889536063307,23050.0,2025-02-20 00:00:00,7.79998779296875,-2.25,22.04998779296875,12.0,mean_revert,25
2025-02-21,2025-02-21 14:00:00,2025-02-21 15:00:00,1,294.6499938964844,283.8999938964844,0.012918712464770448,0.012441005079646954,125.19999694824219,127.5,169.4499969482422,156.39999389648438,-2.6650066346980137,-1.3908586203004047,22850.0,2025-02-27 00:00:00,-22.75,2.3000030517578125,-13.050003051757812,12.0,max_hold,60
2025-02-24,2025-02-24 14:03:00,2025-02-24 15:00:00,1,207.25,195.8499984741211,0.00916873119801805,0.00865186029240598,81.1500015258789,91.8499984741211,126.0999984741211,104.0,-2.5871874419439425,-1.5900134103645278,22650.0,2025-02-27 00:00:00,-23.400001525878906,10.699996948242188,-22.099998474121094,12.0,eod_force,57
2025-02-28,2025-02-28 12:34:00,2025-02-28 12:38:00,-1,288.4499969482422,302.54999923706055,0.01291115237598885,0.01355762852559993,69.19999694824219,63.79999923706055,219.25,238.75,3.4007945992869515,4.945846752714876,22400.0,2025-03-06 00:00:00,-26.10000228881836,5.399997711181641,-19.5,12.0,stop_z_trend,4
2025-03-03,2025-03-03 12:19:00,2025-03-03 13:19:00,1,253.0,238.4000015258789,0.011393830218419275,0.010695187046803622,79.5,113.55000305175781,173.5,124.8499984741211,-2.6296092921126846,-1.5032710599494674,22200.0,2025-03-06 00:00:00,-26.599998474121094,34.05000305175781,-48.650001525878906,12.0,max_hold,60
2025-03-04,2025-03-04 13:04:00,2025-03-04 13:17:00,-1,226.39999771118164,215.0999984741211,0.010217528554525753,0.009701556761703537,35.20000076293945,37.099998474121094,191.1999969482422,178.0,2.6857761770036785,-0.29129803789829334,22200.0,2025-03-06 00:00:00,-0.7000007629394531,-1.8999977111816406,13.199996948242188,12.0,mean_revert,13
2025-03-07,2025-03-07 12:02:00,2025-03-07 12:30:00,-1,299.8000030517578,291.6999969482422,0.013253757871430495,0.01288006534599851,94.30000305175781,107.44999694824219,205.5,184.25,2.6293993604566817,-0.010500695693378024,22650.0,2025-03-13 00:00:00,-3.899993896484375,-13.149993896484375,21.25,12.0,mean_revert,28
2025-03-10,2025-03-10 13:47:00,2025-03-10 13:48:00,-1,261.2000045776367,267.4000015258789,0.01155491500109601,0.011834476721658726,49.150001525878906,48.650001525878906,212.0500030517578,218.75,3.5306872664266176,4.4780778375544,22700.0,2025-03-13 00:00:00,-18.199996948242188,0.5,-6.6999969482421875,12.0,stop_z_trend,1
2025-03-12,2025-03-12 11:37:00,2025-03-12 11:40:00,-1,190.20000076293945,201.0499973297119,0.008486108752373642,0.00897714956318551,26.200000762939453,23.600000381469727,164.0,177.4499969482422,3.5360784857170033,4.405668907641195,22500.0,2025-03-13 00:00:00,-22.84999656677246,2.6000003814697266,-13.449996948242188,12.0,stop_z_trend,3
2025-03-13,2025-03-13 11:37:00,2025-03-13 12:37:00,-1,175.59999990463257,170.00000619888306,0.00780744610503221,0.0075577057096735,5.599999904632568,2.1500000953674316,170.0,167.85000610351562,2.854677825748151,0.4561206529936516,22600.0,2025-03-13 00:00:00,-6.400006294250488,3.4499998092651367,2.149993896484375,12.0,max_hold,60
2025-03-17,2025-03-17 12:25:00,2025-03-17 13:24:00,-1,249.14999389648438,241.4499969482422,0.011054515436396897,0.010708931773811513,66.19999694824219,68.94999694824219,182.9499969482422,172.5,2.5210059120695103,-0.14910348205572868,22600.0,2025-03-20 00:00:00,-4.3000030517578125,-2.75,10.449996948242188,12.0,mean_revert,59
2025-03-18,2025-03-18 12:55:00,2025-03-18 13:54:00,1,200.85000610351562,208.6500015258789,0.008811143062229245,0.009128095263184833,98.05000305175781,135.5,102.80000305175781,73.1500015258789,-2.54852623056378,0.3548443639955718,22750.0,2025-03-20 00:00:00,-4.200004577636719,37.44999694824219,-29.650001525878906,12.0,mean_revert,59
2025-03-19,2025-03-19 12:12:00,2025-03-19 12:15:00,-1,170.95000457763672,163.64999771118164,0.007453673624488194,0.007131340322083913,56.400001525878906,59.29999923706055,114.55000305175781,104.3499984741211,2.5310658228622565,-0.2168784313360808,22950.0,2025-03-20 00:00:00,-4.699993133544922,-2.8999977111816406,10.200004577636719,12.0,mean_revert,3
2025-03-20,2025-03-20 13:10:00,2025-03-20 13:14:00,-1,91.4000015258789,113.75,0.003946646860784406,0.004908264171812169,83.1500015258789,106.0,8.25,7.75,2.7781473153963705,4.324335541069148,23050.0,2025-03-20 00:00:00,-34.349998474121094,-22.849998474121094,0.5,12.0,stop_z_trend,4
2025-03-21,2025-03-21 13:53:00,2025-03-21 14:53:00,1,268.6999969482422,271.75,0.011524002819675938,0.011618610686857165,141.9499969482422,178.4499969482422,126.75,93.30000305175781,-2.5447556514531873,-0.8309009800402104,23300.0,2025-03-27 00:00:00,-8.949996948242188,36.5,-33.44999694824219,12.0,max_hold,60
2025-03-24,2025-03-24 13:46:00,2025-03-24 13:57:00,1,280.1500015258789,287.2999954223633,0.01185466314875025,0.012139804440835272,183.5,203.6999969482422,96.6500015258789,83.5999984741211,-2.7178589523691685,0.02533051366404951,23550.0,2025-03-27 00:00:00,-4.850006103515625,20.199996948242188,-13.050003051757812,12.0,mean_revert,11
2025-03-26,2025-03-26 11:58:00,2025-03-26 11:59:00,-1,194.1999969482422,196.04999542236328,0.0082181578190338,0.008300169154206744,60.75,57.900001525878906,133.4499969482422,138.14999389648438,4.2880428929252545,4.379807764329605,23700.0,2025-03-27 00:00:00,-13.849998474121094,2.8499984741210938,-4.6999969482421875,12.0,stop_z_trend,1
2025-03-28,2025-03-28 12:32:00,2025-03-28 12:52:00,-1,303.0500030517578,283.8999938964844,0.012824609371480779,0.012000143060031263,67.25,70.44999694824219,235.8000030517578,213.4499969482422,2.7053537693859324,-0.21205569793717902,23700.0,2025-04-03 00:00:00,7.1500091552734375,-3.1999969482421875,22.350006103515625,12.0,mean_revert,20
2025-04-04,2025-04-04 13:43:00,2025-04-04 13:44:00,-1,273.5,281.8000068664551,0.011903906759984437,0.012271648784656307,60.0,56.95000076293945,213.5,224.85000610351562,2.709707152562246,4.289095112222754,23050.0,2025-04-09 00:00:00,-20.300006866455078,3.049999237060547,-11.350006103515625,12.0,stop_z_trend,1
2025-04-08,2025-04-08 12:32:00,2025-04-08 13:32:00,-1,420.00001525878906,447.45001220703125,0.01850477147653597,0.01969410264995736,311.70001220703125,334.20001220703125,108.30000305175781,113.25,2.923856808087305,1.279291425761504,22450.0,2025-04-09 00:00:00,-39.44999694824219,-22.5,-4.9499969482421875,12.0,max_hold,60
2025-04-11,2025-04-11 11:14:00,2025-04-11 12:14:00,1,430.8999938964844,408.8999938964844,0.01879886226266011,0.017784756208513317,179.0,200.1999969482422,251.89999389648438,208.6999969482422,-2.6903744322885728,-1.5081192875279257,22950.0,2025-04-17 00:00:00,-34.0,21.199996948242188,-43.19999694824219,12.0,max_hold,60
2025-04-15,2025-04-15 13:25:00,2025-04-15 14:25:00,1,207.25,191.1500015258789,0.008865096839185948,0.008179289752925928,96.25,81.80000305175781,111.0,109.3499984741211,-2.5919091236079006,-1.9929050073255645,23350.0,2025-04-17 00:00:00,-28.099998474121094,-14.449996948242188,-1.6500015258789062,12.0,max_hold,60
2025-04-16,2025-04-16 14:00:00,2025-04-16 15:00:00,-1,176.0500030517578,166.5,0.007511883706420706,0.007107912313402502,111.9000015258789,96.69999694824219,64.1500015258789,69.80000305175781,3.3370313458964818,0.11976601475069404,23350.0,2025-04-17 00:00:00,-2.4499969482421875,15.200004577636719,-5.650001525878906,12.0,max_hold,60
2025-04-21,2025-04-21 12:26:00,2025-04-21 13:18:00,-1,318.4500045776367,304.8000030517578,0.013167198387481283,0.012617879174268962,252.0500030517578,232.85000610351562,66.4000015258789,71.94999694824219,3.5206768656708376,-0.11652582062020156,24000.0,2025-04-24 00:00:00,1.6500015258789062,19.199996948242188,-5.549995422363281,12.0,mean_revert,52
2025-04-22,2025-04-22 11:34:00,2025-04-22 12:34:00,1,200.4499969482422,197.6999969482422,0.008295363791269638,0.00817465719565185,107.94999694824219,118.8499984741211,92.5,78.8499984741211,-2.5994156437458305,-1.6068947513193452,24150.0,2025-04-24 00:00:00,-14.75,10.900001525878906,-13.650001525878906,12.0,max_hold,60
2025-04-29,2025-04-29 12:00:00,2025-04-29 12:15:00,-1,240.84999465942383,214.35000610351562,0.009870820828149057,0.008775305758234524,17.950000762939453,17.0,222.89999389648438,197.35000610351562,2.589456858995064,-0.06360429923402348,24500.0,2025-04-30 00:00:00,14.499988555908203,0.9500007629394531,25.54998779296875,12.0,mean_revert,15
2025-05-02,2025-05-02 11:23:00,2025-05-02 12:23:00,-1,424.9499969482422,496.2000045776367,0.017349713818639707,0.020356004960974117,67.44999694824219,47.349998474121094,357.5,448.8500061035156,2.6482990741737726,1.6824723029908382,24700.0,2025-05-08 00:00:00,-83.25000762939453,20.099998474121094,-91.35000610351562,12.0,max_hold,60
2025-05-06,2025-05-06 14:23:00,2025-05-06 14:35:00,-1,177.64999771118164,167.64999961853027,0.007265402846908436,0.006850798570368242,24.200000762939453,26.899999618530273,153.4499969482422,140.75,2.629605455569288,-0.25994300887761407,24500.0,2025-05-08 00:00:00,-2.000001907348633,-2.6999988555908203,12.699996948242188,12.0,mean_revert,12
2025-05-08,2025-05-08 13:23:00,2025-05-08 13:24:00,-1,83.8500030040741,88.6499969959259,0.003431595464033037,0.003628586508776796,2.049999952316284,1.9500000476837158,81.80000305175781,86.69999694824219,4.875902201466475,5.21354265880377,24450.0,2025-05-08 00:00:00,-16.799993991851807,0.09999990463256836,-4.899993896484375,12.0,stop_z_trend,1
2025-05-09,2025-05-09 14:10:00,2025-05-09 14:29:00,1,463.5500030517578,473.6000061035156,0.0192824460504059,0.019724293286556813,189.4499969482422,181.25,274.1000061035156,292.3500061035156,-2.5097384828852993,0.22724963985685032,24050.0,2025-05-15 00:00:00,-1.9499969482421875,-8.199996948242188,18.25,12.0,mean_revert,19
2025-05-12,2025-05-12 11:25:00,2025-05-12 12:25:00,-1,373.8000030517578,367.34999084472656,0.015049521018268694,0.014820088483478735,162.4499969482422,134.39999389648438,211.35000610351562,232.9499969482422,2.8240793139570237,1.162661759981795,24800.0,2025-05-15 00:00:00,-5.54998779296875,28.050003051757812,-21.599990844726562,12.0,max_hold,60
2025-05-13,2025-05-13 12:18:00,2025-05-13 12:54:00,1,362.5,399.25000762939453,0.01459339774557166,0.01617044944921148,160.5,105.1500015258789,202.0,294.1000061035156,-2.735898046603525,0.8858029977752007,24800.0,2025-05-15 00:00:00,24.75000762939453,-55.349998474121094,92.10000610351562,12.0,mean_revert,36
2025-05-14,2025-05-14 11:49:00,2025-05-14 12:12:00,-1,257.74999237060547,226.59999465942383,0.01043568694533624,0.009161922123725262,38.599998474121094,44.45000076293945,219.14999389648438,182.14999389648438,3.2514235332590506,-0.16257241273999684,24800.0,2025-05-15 00:00:00,19.14999771118164,-5.850002288818359,37.0,12.0,mean_revert,23
2025-05-16,2025-05-16 12:02:00,2025-05-16 13:02:00,1,359.0,348.6999969482422,0.01433362612792462,0.013913494411788453,156.14999389648438,156.64999389648438,202.85000610351562,192.0500030517578,-2.589290685528936,-1.930949936117554,25050.0,2025-05-22 00:00:00,-22.300003051757812,0.5,-10.800003051757812,12.0,max_hold,60
2025-05-19,2025-05-19 12:17:00,2025-05-19 12:19:00,-1,337.5500030517578,330.75,0.013485817141500512,0.013202011735121543,136.5500030517578,143.85000610351562,201.0,186.89999389648438,2.502048346496124,-0.3634727403978278,25050.0,2025-05-22 00:00:00,-5.1999969482421875,-7.3000030517578125,14.100006103515625,12.0,mean_revert,2
2025-05-20,2025-05-20 12:07:00,2025-05-20 12:46:00,1,249.24999237060547,270.0,0.009988538578496823,0.010830324909747292,102.3499984741211,97.25,146.89999389648438,172.75,-2.6864306320336167,0.20839257863967006,24950.0,2025-05-22 00:00:00,8.750007629394531,-5.099998474121094,25.850006103515625,12.0,mean_revert,39
2025-05-22,2025-05-22 12:49:00,2025-05-22 13:23:00,-1,158.84999656677246,123.70000314712524,0.006464727513499381,0.005028455412484766,9.649999618530273,6.900000095367432,149.1999969482422,116.80000305175781,2.6582405332796104,-0.3416231175833835,24650.0,2025-05-22 00:00:00,23.149993419647217,2.749999523162842,32.399993896484375,12.0,mean_revert,34
2025-05-27,2025-05-27 11:25:00,2025-05-27 11:26:00,-1,470.60001373291016,477.4500045776367,0.018811960894344025,0.019081590015691974,345.95001220703125,351.1000061035156,124.6500015258789,126.3499984741211,3.7832090790172086,4.039319760871175,24800.0,2025-05-29 00:00:00,-18.849990844726562,-5.149993896484375,-1.6999969482421875,12.0,stop_z_trend,1
2025-05-28,2025-05-28 13:33:00,2025-05-28 14:33:00,1,246.1500015258789,224.64999389648438,0.009926804247610707,0.00906113497019268,121.5999984741211,110.94999694824219,124.55000305175781,113.69999694824219,-2.6306134742405676,-1.38892432753912,24800.0,2025-05-29 00:00:00,-33.50000762939453,-10.650001525878906,-10.850006103515625,12.0,max_hold,60
2025-05-29,2025-05-29 12:38:00,2025-05-29 12:39:00,-1,146.95000076293945,163.85000038146973,0.0059493447587819145,0.006642047095336556,21.950000762939453,15.850000381469727,125.0,148.0,3.688672518100009,5.2718021382205835,24800.0,2025-05-29 00:00:00,-28.899999618530273,6.100000381469727,-23.0,12.0,stop_z_trend,1
2025-06-02,2025-06-02 12:20:00,2025-06-02 12:59:00,-1,457.8999938964844,446.9499969482422,0.01846296495691643,0.018027992777841326,235.75,224.75,222.14999389648438,222.1999969482422,2.5081033504011816,-0.10714460526089757,24700.0,2025-06-05 00:00:00,-1.0500030517578125,11.0,-0.0500030517578125,12.0,mean_revert,39
2025-06-03,2025-06-03 12:16:00,2025-06-03 12:29:00,-1,442.40000915527344,421.8999938964844,0.017902958567248328,0.017054526001084792,151.6999969482422,154.35000610351562,290.70001220703125,267.54998779296875,2.9307427662227044,-0.12121268558042864,24750.0,2025-06-05 00:00:00,8.500015258789062,-2.6500091552734375,23.1500244140625,12.0,mean_revert,13
2025-06-05,2025-06-05 14:02:00,2025-06-05 14:27:00,-1,169.50000619888306,131.14999961853027,0.006826777541003073,0.005275330824123336,5.900000095367432,11.149999618530273,163.60000610351562,120.0,2.747750628621817,-0.26899803801764066,24850.0,2025-06-05 00:00:00,26.350006580352783,-5.249999523162842,43.600006103515625,12.0,mean_revert,25
2025-06-09,2025-06-09 13:31:00,2025-06-09 14:15:00,1,268.4000015258789,275.99999237060547,0.01065688352426482,0.010969007932702272,111.9000015258789,107.3499984741211,156.5,168.64999389648438,-2.6950230955439918,0.22409744957871958,25150.0,2025-06-12 00:00:00,-4.4000091552734375,-4.5500030517578125,12.149993896484375,12.0,mean_revert,44
2025-06-10,2025-06-10 14:21:00,2025-06-10 14:37:00,-1,189.5500030517578,181.10000228881836,0.007524960918309526,0.007186764808907793,51.5,51.79999923706055,138.0500030517578,129.3000030517578,2.7196415204625715,-0.25480206119244553,25200.0,2025-06-12 00:00:00,-3.549999237060547,-0.2999992370605469,8.75,12.0,mean_revert,16
2025-06-11,2025-06-11 11:54:00,2025-06-11 12:27:00,-1,171.04999542236328,159.9000015258789,0.006763275292489948,0.00632265723708497,92.5999984741211,83.8499984741211,78.44999694824219,76.05000305175781,2.5367147052720784,-0.211482858963622,25200.0,2025-06-12 00:00:00,-0.850006103515625,8.75,2.399993896484375,12.0,mean_revert,33
2025-06-12,2025-06-12 13:27:00,2025-06-12 13:28:00,-1,186.80000591278076,190.75000619888306,0.007451315268897969,0.007609515195252353,5.449999809265137,5.150000095367432,181.35000610351562,185.60000610351562,4.171309810851772,4.22442558154914,25150.0,2025-06-12 00:00:00,-15.950000286102295,0.2999997138977051,-4.25,12.0,stop_z_trend,1
2025-06-13,2025-06-13 11:27:00,2025-06-13 12:17:00,1,361.4499969482422,372.0500030517578,0.014632951676817588,0.015023278801177858,158.75,199.10000610351562,202.6999969482422,172.9499969482422,-2.6142592641787035,0.32546053344283704,24700.0,2025-06-19 00:00:00,-1.399993896484375,40.350006103515625,-29.75,12.0,mean_revert,50
2025-06-16,2025-06-16 13:41:00,2025-06-16 13:50:00,-1,340.74998474121094,320.0499954223633,0.013621826293872114,0.0128146091921113,259.54998779296875,231.39999389648438,81.19999694824219,88.6500015258789,2.8313539978252327,-0.07447425324944669,24800.0,2025-06-19 00:00:00,8.699989318847656,28.149993896484375,-7.450004577636719,12.0,mean_revert,9
2025-06-17,2025-06-17 12:50:00,2025-06-17 13:25:00,-1,217.09999084472656,208.9499969482422,0.008730094532922896,0.008396894555915644,76.69999694824219,79.80000305175781,140.39999389648438,129.14999389648438,2.635273056485153,-0.17445484395735955,24900.0,2025-06-19 00:00:00,-3.850006103515625,-3.100006103515625,11.25,12.0,mean_revert,35
2025-06-18,2025-06-18 11:24:00,2025-06-18 11:33:00,-1,212.20000457763672,237.50000381469727,0.00854095409851627,0.009577192322708924,38.599998474121094,30.950000762939453,173.60000610351562,206.5500030517578,2.6092680730383893,4.158121120146705,24950.0,2025-06-19 00:00:00,-37.29999923706055,7.649997711181641,-32.94999694824219,12.0,stop_z_trend,9
2025-06-19,2025-06-19 12:45:00,2025-06-19 12:46:00,-1,60.29999828338623,67.24999856948853,0.002430373555414382,0.002711682599212888,4.699999809265137,3.9000000953674316,55.599998474121094,63.349998474121094,2.9023132049207083,4.296965479471649,24850.0,2025-06-19 00:00:00,-18.950000286102295,0.7999997138977051,-7.75,12.0,stop_z_trend,1
2025-06-20,2025-06-20 12:26:00,2025-06-20 12:53:00,1,349.9000015258789,367.5500030517578,0.013975316592478288,0.014658026043938496,244.8000030517578,271.75,105.0999984741211,95.80000305175781,-2.5645629840587567,0.40957254804390836,24900.0,2025-06-26 00:00:00,5.650001525878906,26.949996948242188,-9.299995422363281,12.0,mean_revert,27
2025-06-23,2025-06-23 11:40:00,2025-06-23 11:51:00,-1,310.1000061035156,298.4499969482422,0.012423580000339598,0.01196777532895515,211.10000610351562,194.64999389648438,99.0,103.80000305175781,2.5270201080185912,-0.26350406748507066,24850.0,2025-06-26 00:00:00,-0.3499908447265625,16.45001220703125,-4.8000030517578125,12.0,mean_revert,11
2025-06-24,2025-06-24 11:59:00,2025-06-24 12:26:00,-1,282.1499938964844,261.0999984741211,0.011141252258354698,0.010316447542740888,204.9499969482422,187.1999969482422,77.19999694824219,73.9000015258789,2.9073178417489225,-0.01201125575877596,25200.0,2025-06-26 00:00:00,9.049995422363281,17.75,3.2999954223632812,12.0,mean_revert,27
2025-06-25,2025-06-25 11:17:00,2025-06-25 12:17:00,1,163.25,154.70000457763672,0.0064739612899188176,0.006135967181407136,91.0999984741211,84.4000015258789,72.1500015258789,70.30000305175781,-2.516879089287711,-2.0513351102280475,25200.0,2025-06-26 00:00:00,-20.54999542236328,-6.6999969482421875,-1.8499984741210938,12.0,max_hold,60
2025-06-26,2025-06-26 12:17:00,2025-06-26 12:52:00,1,114.04999923706055,140.7999973297119,0.00448736595862833,0.005549336884252266,38.45000076293945,30.600000381469727,75.5999984741211,110.19999694824219,-2.5354029671717444,0.14105732337475754,25450.0,2025-06-26 00:00:00,14.749998092651367,-7.850000381469727,34.599998474121094,12.0,mean_revert,35
2025-06-27,2025-06-27 13:48:00,2025-06-27 14:48:00,1,282.09999084472656,277.25,0.010955764916879357,0.010763520558072526,146.4499969482422,148.5500030517578,135.64999389648438,128.6999969482422,-2.601258324591088,-1.4617043621090766,25650.0,2025-07-03 00:00:00,-16.849990844726562,2.100006103515625,-6.9499969482421875,12.0,max_hold,60
2025-06-30,2025-06-30 12:41:00,2025-06-30 13:00:00,-1,280.75,309.2999954223633,0.010941153546375681,0.012076841803223742,72.30000305175781,61.150001525878906,208.4499969482422,248.14999389648438,3.2901556673054335,6.845291129942458,25700.0,2025-07-03 00:00:00,-40.54999542236328,11.150001525878906,-39.69999694824219,12.0,stop_z_trend,19
2025-07-01,2025-07-01 12:18:00,2025-07-01 13:18:00,1,211.4000015258789,208.29999923706055,0.008244993919003947,0.008124056492560462,54.400001525878906,52.54999923706055,157.0,155.75,-2.573124270350766,-0.8885474778139391,25650.0,2025-07-03 00:00:00,-15.10000228881836,-1.8500022888183594,-1.25,12.0,max_hold,60
2025-07-02,2025-07-02 13:17:00,2025-07-02 13:23:00,-1,217.44999408721924,233.19999408721924,0.008509097792495372,0.009133600356219499,15.050000190734863,14.050000190734863,202.39999389648438,219.14999389648438,2.7077921344824745,4.132697053835023,25650.0,2025-07-03 00:00:00,-27.75,1.0,-16.75,12.0,stop_z_trend,6
2025-07-03,2025-07-03 11:47:00,2025-07-03 12:47:00,-1,180.64999389648438,153.64999675750732,0.007062654894174864,0.0059991409010427665,6.25,7.949999809265137,174.39999389648438,145.6999969482422,3.1035657324745323,0.37551933134808024,25650.0,2025-07-03 00:00:00,14.99999713897705,-1.6999998092651367,28.699996948242188,12.0,max_hold,60
2025-07-04,2025-07-04 11:45:00,2025-07-04 12:45:00,-1,314.4000015258789,298.25,0.0123682140647474,0.011721728690923689,79.4000015258789,86.5,235.0,211.75,2.740011953600868,0.13564310863905008,25500.0,2025-07-10 00:00:00,4.150001525878906,-7.099998474121094,23.25,12.0,max_hold,60
2025-07-07,2025-07-07 12:17:00,2025-07-07 12:21:00,-1,257.9499969482422,246.85000610351562,0.010115289476814329,0.009670228879007526,68.55000305175781,75.05000305175781,189.39999389648438,171.8000030517578,2.9513588478110826,-0.043948251465150766,25550.0,2025-07-10 00:00:00,-0.9000091552734375,-6.5,17.599990844726562,12.0,mean_revert,4
2025-07-08,2025-07-08 12:32:00,2025-07-08 13:32:00,1,186.45000457763672,176.5500030517578,0.007294030380159484,0.006907304033020168,60.400001525878906,53.900001525878906,126.05000305175781,122.6500015258789,-2.912065467898817,-1.4159728070065256,25550.0,2025-07-10 00:00:00,-21.900001525878906,-6.5,-3.4000015258789062,12.0,max_hold,60
2025-07-09,2025-07-09 13:04:00,2025-07-09 13:12:00,-1,147.04999923706055,136.5999984741211,0.0057450382574254005,0.005333291790430346,36.54999923706055,40.849998474121094,110.5,95.75,3.7207152917012447,-0.19241991847312312,25600.0,2025-07-10 00:00:00,-1.5499992370605469,-4.299999237060547,14.75,12.0,mean_revert,8
2025-07-10,2025-07-10 12:52:00,2025-07-10 13:43:00,1,110.75000286102295,124.30000019073486,0.004348594426771751,0.0048850461855270135,8.699999809265137,4.300000190734863,102.05000305175781,120.0,-2.585664615788068,0.06416936264824698,25500.0,2025-07-10 00:00:00,1.549997329711914,-4.399999618530273,17.949996948242188,12.0,mean_revert,51
2025-07-14,2025-07-14 11:28:00,2025-07-14 12:28:00,-1,253.00000762939453,245.20000457763672,0.010078717719915045,0.009765850619241408,57.650001525878906,56.400001525878906,195.35000610351562,188.8000030517578,2.9815113682057066,0.6354906894383476,25200.0,2025-07-17 00:00:00,-4.1999969482421875,1.25,6.5500030517578125,12.0,max_hold,60
2025-07-16,2025-07-16 13:33:00,2025-07-16 14:11:00,1,114.4000015258789,120.5,0.0045321290518136005,0.004767594452787632,59.70000076293945,82.0,54.70000076293945,38.5,-2.5281057900834436,0.6377952034100463,25200.0,2025-07-17 00:00:00,-5.900001525878906,22.299999237060547,-16.200000762939453,12.0,mean_revert,38
2025-07-17,2025-07-17 14:11:00,2025-07-17 14:12:00,-1,98.05000305175781,97.5999984741211,0.0038902092108303687,0.0038730158124651226,2.75,2.5,95.30000305175781,95.0999984741211,4.744847749652069,4.26211778067286,25250.0,2025-07-17 00:00:00,-11.549995422363281,0.25,0.20000457763671875,12.0,stop_z_trend,1
2025-07-18,2025-07-18 13:00:00,2025-07-18 14:00:00,1,267.8000030517578,263.8000030517578,0.010699717181112556,0.010542553829112025,87.5,81.44999694824219,180.3000030517578,182.35000610351562,-3.278036026127006,-1.6781723123529078,25100.0,2025-07-24 00:00:00,-16.0,-6.0500030517578125,2.0500030517578125,12.0,max_hold,60
2025-07-21,2025-07-21 13:58:00,2025-07-21 14:07:00,-1,210.1999969482422,200.29999542236328,0.008392222499630382,0.00798899152131315,67.5,75.69999694824219,142.6999969482422,124.5999984741211,2.9847370869625083,-0.213509041423669,25100.0,2025-07-24 00:00:00,-2.0999984741210938,-8.199996948242188,18.099998474121094,12.0,mean_revert,9
2025-07-23,2025-07-23 12:39:00,2025-07-23 12:51:00,-1,124.70000076293945,114.19999694824219,0.004943900438605219,0.004529948312107981,86.75,72.94999694824219,37.95000076293945,41.25,3.1260706462758403,-0.015032608488726082,25150.0,2025-07-24 00:00:00,-1.4999961853027344,13.800003051757812,-3.299999237060547,12.0,mean_revert,12
2025-07-24,2025-07-24 11:20:00,2025-07-24 11:22:00,-1,73.0,81.69999885559082,0.0029008543612159747,0.0032472306164627587,9.5,8.850000381469727,63.5,72.8499984741211,2.6702744814399315,4.524991842620233,25200.0,2025-07-24 00:00:00,-20.69999885559082,0.6499996185302734,-9.349998474121094,12.0,stop_z_trend,2
2025-07-25,2025-07-25 12:22:00,2025-07-25 12:38:00,-1,278.3499984741211,265.2999954223633,0.011203912352041583,0.01066832859185955,86.0999984741211,91.0999984741211,192.25,174.1999969482422,2.6470462752096067,-0.16748565182765043,24950.0,2025-07-31 00:00:00,1.0500030517578125,-5.0,18.050003051757812,12.0,mean_revert,16
2025-07-28,2025-07-28 12:49:00,2025-07-28 12:51:00,-1,228.85000610351562,235.75,0.00924049124216731,0.009524791017859456,72.30000305175781,69.80000305175781,156.5500030517578,165.9499969482422,3.764660759477741,5.513881327043384,24850.0,2025-07-31 00:00:00,-18.899993896484375,2.5,-9.399993896484375,12.0,stop_z_trend,2
2025-07-29,2025-07-29 14:16:00,2025-07-29 14:27:00,-1,184.0999984741211,174.45000457763672,0.007412477542090113,0.007027190516722527,136.0,123.80000305175781,48.099998474121094,50.650001525878906,2.571897940964815,-0.06767072159062071,24750.0,2025-07-31 00:00:00,-2.350006103515625,12.199996948242188,-2.5500030517578125,12.0,mean_revert,11
2025-07-30,2025-07-30 12:12:00,2025-07-30 13:12:00,1,129.4499969482422,124.45000076293945,0.005205631205693534,0.00500579234605388,72.69999694824219,65.75,56.75,58.70000076293945,-2.5449595964265033,-1.547830460632116,24850.0,2025-07-31 00:00:00,-16.999996185302734,-6.9499969482421875,1.9500007629394531,12.0,max_hold,60
2025-07-31,2025-07-31 11:22:00,2025-07-31 12:09:00,-1,155.64999675750732,129.5,0.006280768168731633,0.005230188975127022,144.6999969482422,119.25,10.949999809265137,10.25,2.7831341153373046,-0.01839674873075327,24650.0,2025-07-31 00:00:00,14.149996757507324,25.449996948242188,0.6999998092651367,12.0,mean_revert,47
2025-08-01,2025-08-01 11:41:00,2025-08-01 12:31:00,-1,307.40000915527344,294.09999084472656,0.012428940508087639,0.011878316364886033,115.80000305175781,123.19999694824219,191.60000610351562,170.89999389648438,2.6015638607037443,-1.1381153110255893,24750.0,2025-08-07 00:00:00,1.300018310546875,-7.399993896484375,20.70001220703125,12.0,mean_revert,50
2025-08-04,2025-08-04 14:02:00,2025-08-04 15:00:00,1,245.4000015258789,241.40000915527344,0.009904026741210197,0.009738976445526825,128.25,133.60000610351562,117.1500015258789,107.80000305175781,-2.7254930978928695,-1.8406933712571252,24700.0,2025-08-07 00:00:00,-15.999992370605469,5.350006103515625,-9.349998474121094,12.0,eod_force,58
2025-08-06,2025-08-06 12:21:00,2025-08-06 13:21:00,1,155.54999923706055,155.79999923706055,0.006299305240243985,0.006311525186836563,47.29999923706055,40.54999923706055,108.25,115.25,-2.765442051074784,-1.0727081101426268,24700.0,2025-08-07 00:00:00,-11.75,-6.75,7.0,12.0,max_hold,60
2025-08-07,2025-08-07 13:16:00,2025-08-07 13:24:00,-1,159.3000030517578,193.85000610351562,0.006513739084550123,0.007935241152053527,2.75,2.5,156.5500030517578,191.35000610351562,2.516644689748716,4.264553665350313,24550.0,2025-08-07 00:00:00,-46.55000305175781,0.25,-34.80000305175781,12.0,stop_z_trend,8
2025-08-08,2025-08-08 12:04:00,2025-08-08 12:12:00,-1,284.6500015258789,275.7999954223633,0.01162501027223225,0.01125484576300197,85.9000015258789,91.5999984741211,198.75,184.1999969482422,2.724221718060617,-0.2747572031838485,24550.0,2025-08-14 00:00:00,-3.149993896484375,-5.6999969482421875,14.550003051757812,12.0,mean_revert,8
2025-08-12,2025-08-12 12:23:00,2025-08-12 13:15:00,1,200.70000457763672,220.7000026702881,0.00813008161489461,0.00895636298094071,42.400001525878906,31.649999618530273,158.3000030517578,189.0500030517578,-2.5307786757191355,0.045213137985687366,24750.0,2025-08-14 00:00:00,7.999998092651367,-10.750001907348633,30.75,12.0,mean_revert,52
2025-08-13,2025-08-13 12:00:00,2025-08-13 12:12:00,-1,177.7500057220459,159.54999351501465,0.00721821594794264,0.0064699916267240325,22.149999618530273,27.899999618530273,155.60000610351562,131.64999389648438,3.2564554229753977,-0.34186907552990603,24700.0,2025-08-14 00:00:00,6.20001220703125,-5.75,23.95001220703125,12.0,mean_revert,12
2025-08-14,2025-08-14 14:17:00,2025-08-14 14:35:00,-1,94.45000147819519,74.15000009536743,0.0038279936562788087,0.0030038484948498047,3.049999952316284,3.4000000953674316,91.4000015258789,70.75,2.7653972587524436,-0.10590701031433605,24700.0,2025-08-14 00:00:00,8.300001382827759,-0.35000014305114746,20.650001525878906,12.0,mean_revert,18
2025-08-18,2025-08-18 12:13:00,2025-08-18 12:47:00,-1,266.8000030517578,247.0,0.010697674540968637,0.009887514511028381,62.75,72.80000305175781,204.0500030517578,174.1999969482422,3.0236883405738038,-0.7359588002841169,25050.0,2025-08-21 00:00:00,7.8000030517578125,-10.050003051757812,29.850006103515625,12.0,mean_revert,34
2025-08-19,2025-08-19 12:17:00,2025-08-19 12:18:00,-1,174.64999771118164,181.1500015258789,0.006976233181992476,0.007234280526582093,112.69999694824219,121.1500015258789,61.95000076293945,60.0,2.5140646446792743,4.3954249272202155,24950.0,2025-08-21 00:00:00,-18.500003814697266,-8.450004577636719,1.9500007629394531,12.0,stop_z_trend,1
2025-08-20,2025-08-20 12:12:00,2025-08-20 12:30:00,-1,143.45000457763672,137.45000076293945,0.005719651719129617,0.0054809871320999634,97.55000305175781,90.0,45.900001525878906,47.45000076293945,3.0640475864867067,-0.04160407829040201,25000.0,2025-08-21 00:00:00,-5.999996185302734,7.5500030517578125,-1.5499992370605469,12.0,mean_revert,18
2025-08-21,2025-08-21 12:37:00,2025-08-21 13:27:00,1,57.10000038146973,61.15000009536743,0.002269953613236134,0.002432668977816264,14.600000381469727,6.650000095367432,42.5,54.5,-2.554024490985379,0.043812423070165106,25150.0,2025-08-21 00:00:00,-7.950000286102295,-7.950000286102295,12.0,12.0,mean_revert,50
2025-08-22,2025-08-22 14:25:00,2025-08-22 14:33:00,-1,226.35000610351562,231.35000610351562,0.009087259614329069,0.00929112773574654,93.5,91.05000305175781,132.85000610351562,140.3000030517578,2.9643617120375003,5.267225216455979,24950.0,2025-08-28 00:00:00,-17.0,2.4499969482421875,-7.4499969482421875,12.0,stop_z_trend,8
2025-08-25,2025-08-25 14:20:00,2025-08-25 15:00:00,1,165.6500015258789,160.5,0.006626530183449832,0.0064210273643783,108.4000015258789,103.5,57.25,57.0,-2.959424532921408,-1.2907973220315232,24950.0,2025-08-28 00:00:00,-17.150001525878906,-4.900001525878906,-0.25,12.0,eod_force,40
2025-08-26,2025-08-26 13:47:00,2025-08-26 14:16:00,1,123.0,129.04999542236328,0.0049578781893667625,0.005207807775459469,65.8499984741211,54.849998474121094,57.150001525878906,74.19999694824219,-2.755179011170394,0.8422829092593421,24800.0,2025-08-28 00:00:00,-5.950004577636719,-11.0,17.04999542236328,12.0,mean_revert,29
2025-08-28,2025-08-28 14:10:00,2025-08-28 14:40:00,1,58.00000190734863,68.99999690055847,0.002360717660733856,0.0028117358150186824,13.600000381469727,2.549999952316284,44.400001525878906,66.44999694824219,-2.5437172931046153,0.2660919256258144,24600.0,2025-08-28 00:00:00,-1.0000050067901611,-11.050000429153442,22.04999542236328,12.0,mean_revert,30
2025-08-29,2025-08-29 12:43:00,2025-08-29 13:11:00,1,174.1500015258789,182.79999923706055,0.007054605911280844,0.0074173259986634425,74.75,58.79999923706055,99.4000015258789,124.0,-2.7823722645661646,0.38701248039252595,24600.0,2025-09-02 00:00:00,-3.3500022888183594,-15.950000762939453,24.599998474121094,12.0,mean_revert,28
2025-09-01,2025-09-01 12:30:00,2025-09-01 13:30:00,1,144.69999885559082,129.04999923706055,0.005855715355094392,0.005218358238457766,19.850000381469727,21.799999237060547,124.8499984741211,107.25,-2.510956689866929,-1.6459799150222263,24700.0,2025-09-02 00:00:00,-27.649999618530273,1.9499988555908203,-17.599998474121094,12.0,max_hold,60
2025-09-02,2025-09-02 12:33:00,2025-09-02 13:11:00,1,99.80000305175781,121.49999690055847,0.004013996824669502,0.004891068093397477,5.0,2.299999952316284,94.80000305175781,119.19999694824219,-2.7449999737038198,1.1188228811833028,24850.0,2025-09-02 00:00:00,9.69999384880066,-2.700000047683716,24.399993896484375,12.0,mean_revert,38
2025-09-03,2025-09-03 13:48:00,2025-09-03 14:48:00,1,224.70000457763672,222.4499969482422,0.00907889839757759,0.008978193381784329,95.0999984741211,111.0999984741211,129.60000610351562,111.3499984741211,-2.5008044375998364,-1.7055623130848578,24700.0,2025-09-09 00:00:00,-14.250007629394531,16.0,-18.25000762939453,12.0,max_hold,60
2025-09-04,2025-09-04 12:18:00,2025-09-04 12:40:00,-1,268.4000015258789,251.0,0.010783100306200756,0.010072837450087285,39.349998474121094,43.75,229.0500030517578,207.25,2.6362963795324004,-0.060362253287796507,25000.0,2025-09-09 00:00:00,5.400001525878906,-4.400001525878906,21.800003051757812,12.0,mean_revert,22
2025-09-05,2025-09-05 12:34:00,2025-09-05 13:12:00,-1,285.7500114440918,258.74999618530273,0.011554558599465914,0.01044720043704083,18.799999237060547,23.299999237060547,266.95001220703125,235.4499969482422,2.700089476736102,-0.34090355210050644,24900.0,2025-09-09 00:00:00,15.000015258789062,-4.5,31.500015258789062,12.0,mean_revert,38
2025-09-09,2025-09-09 14:13:00,2025-09-09 14:35:00,1,88.54999828338623,104.54999697208405,0.00354739196712548,0.004191707939967764,5.949999809265137,1.350000023841858,82.5999984741211,103.19999694824219,-2.680011158990695,0.20605758127497065,24950.0,2025-09-09 00:00:00,3.999998688697815,-4.599999785423279,20.599998474121094,12.0,mean_revert,22
2025-09-10,2025-09-10 12:11:00,2025-09-10 13:11:00,1,230.75000762939453,232.0,0.009197881017229834,0.009252760019078208,82.9000015258789,74.25,147.85000610351562,157.75,-2.605868854547177,-0.8736559342686726,25100.0,2025-09-16 00:00:00,-10.750007629394531,-8.650001525878906,9.899993896484375,12.0,max_hold,60
2025-09-12,2025-09-12 12:45:00,2025-09-12 13:45:00,1,153.8499984741211,151.79999542236328,0.006104892280846655,0.0060223754432422155,66.6500015258789,66.0999984741211,87.19999694824219,85.69999694824219,-2.6556724857724765,-1.421271395349772,25150.0,2025-09-16 00:00:00,-14.050003051757812,-0.5500030517578125,-1.5,12.0,max_hold,60
2025-09-15,2025-09-15 11:32:00,2025-09-15 12:32:00,1,113.94999694824219,108.14999771118164,0.004526855114740274,0.0042937794545109195,34.349998474121094,37.79999923706055,79.5999984741211,70.3499984741211,-2.7872520340428553,-1.4529920769323879,25150.0,2025-09-16 00:00:00,-17.799999237060547,3.450000762939453,-9.25,12.0,max_hold,60
2025-09-16,2025-09-16 14:21:00,2025-09-16 15:00:00,1,59.65000009536743,31.500000774860382,0.0023581455152959737,0.00124417413598469,2.9000000953674316,0.800000011920929,56.75,30.700000762939453,-2.6411316006828476,-2.3214516382919776,25250.0,2025-09-16 00:00:00,-40.14999932050705,-2.1000000834465027,-26.049999237060547,12.0,eod_force,39
2025-09-17,2025-09-17 12:43:00,2025-09-17 13:43:00,1,200.8000030517578,202.39999389648438,0.00789401277869866,0.00796044947103071,97.30000305175781,94.44999694824219,103.5,107.94999694824219,-2.5267732344098666,0.07903808168360628,25400.0,2025-09-23 00:00:00,-10.400009155273438,-2.850006103515625,4.4499969482421875,12.0,mean_revert,60
2025-09-18,2025-09-18 12:34:00,2025-09-18 12:37:00,-1,173.25,178.49999618530273,0.0067960899498176975,0.007005494355781112,58.75,57.29999923706055,114.5,121.19999694824219,3.2154837419516333,5.894360205641412,25500.0,2025-09-23 00:00:00,-17.249996185302734,1.4500007629394531,-6.6999969482421875,12.0,stop_z_trend,3
2025-09-19,2025-09-19 13:08:00,2025-09-19 14:08:00,1,149.9000015258789,141.29999923706055,0.005903689873921368,0.005559271323801415,72.55000305175781,83.25,77.3499984741211,58.04999923706055,-2.596206322629809,-2.001453744752033,25350.0,2025-09-23 00:00:00,-20.60000228881836,10.699996948242188,-19.299999237060547,12.0,max_hold,60
2025-09-23,2025-09-23 12:14:00,2025-09-23 13:14:00,1,79.75,59.79999923706055,0.00316292535892758,0.0023663955694212834,17.5,35.599998474121094,62.25,24.200000762939453,-2.5439399110307273,-1.412292106944913,25200.0,2025-09-23 00:00:00,-31.950000762939453,18.099998474121094,-38.04999923706055,12.0,max_hold,60
2025-09-24,2025-09-24 14:21:00,2025-09-24 14:57:00,1,208.4000015258789,212.9000015258789,0.008284305991647277,0.008479369186150984,105.4000015258789,84.6500015258789,103.0,128.25,-2.5966461663716855,0.4190967234574583,25150.0,2025-09-30 00:00:00,-7.5,-20.75,25.25,12.0,mean_revert,36
2025-09-25,2025-09-25 11:44:00,2025-09-25 12:44:00,-1,204.95000457763672,214.6500015258789,0.00818817437385684,0.008584969864651399,66.6500015258789,59.349998474121094,138.3000030517578,155.3000030517578,2.7664069310646124,2.427462899911012,25100.0,2025-09-30 00:00:00,-21.699996948242188,7.3000030517578125,-17.0,12.0,max_hold,60
2025-09-29,2025-09-29 11:30:00,2025-09-29 11:37:00,-1,138.5,144.89999771118164,0.005592570159499293,0.005858237734604742,50.0,39.70000076293945,88.5,105.19999694824219,2.7231690013291954,4.188276473462923,24800.0,2025-09-30 00:00:00,-18.39999771118164,10.299999237060547,-16.699996948242188,12.0,stop_z_trend,7
2025-09-30,2025-09-30 11:28:00,2025-09-30 12:28:00,1,84.45000076293945,83.8499984741211,0.003425699415654599,0.0033970885571441515,42.650001525878906,57.79999923706055,41.79999923706055,26.049999237060547,-2.7103861142587697,-0.7176043319398964,24650.0,2025-09-30 00:00:00,-12.60000228881836,15.14999771118164,-15.75,12.0,max_hold,60
2025-10-03,2025-10-03 13:13:00,2025-10-03 13:37:00,1,159.9499969482422,171.19999313354492,0.006406713007620051,0.006864942188132665,39.599998474121094,30.549999237060547,120.3499984741211,140.64999389648438,-2.5748993424078646,0.002101806099920677,24950.0,2025-10-07 00:00:00,-0.7500038146972656,-9.049999237060547,20.29999542236328,12.0,mean_revert,24
2025-10-06,2025-10-06 12:53:00,2025-10-06 13:07:00,1,105.25,111.79999923706055,0.004189004578147929,0.004445628363106587,45.54999923706055,61.75,59.70000076293945,50.04999923706055,-2.5320430040768467,0.2066674773967724,25050.0,2025-10-07 00:00:00,-5.450000762939453,16.200000762939453,-9.650001525878906,12.0,mean_revert,14
2025-10-07,2025-10-07 11:35:00,2025-10-07 12:03:00,-1,206.84999990463257,143.54999995231628,0.008208268439033908,0.005684248038026304,2.0999999046325684,3.549999952316284,204.75,140.0,3.2025993623554485,-0.20151077861527195,25300.0,2025-10-07 00:00:00,51.299999952316284,-1.4500000476837158,64.75,12.0,mean_revert,28
2025-10-08,2025-10-08 11:14:00,2025-10-08 12:14:00,-1,262.9000015258789,260.0499954223633,0.0104636816527713,0.010345719104963529,41.099998474121094,44.650001525878906,221.8000030517578,215.39999389648438,3.028477657268013,0.5222151094137564,25250.0,2025-10-14 00:00:00,-9.149993896484375,-3.5500030517578125,6.4000091552734375,12.0,max_hold,60
2025-10-09,2025-10-09 14:13:00,2025-10-09 14:19:00,1,182.1500015258789,176.4499969482422,0.007210520557171453,0.006991718387615096,112.30000305175781,96.8499984741211,69.8499984741211,79.5999984741211,-2.5291483292846157,-4.014009795664543,25150.0,2025-10-14 00:00:00,-17.70000457763672,-15.450004577636719,9.75,12.0,stop_z_trend,6
2025-10-10,2025-10-10 12:46:00,2025-10-10 13:46:00,1,159.0,153.6999969482422,0.0062497543335560705,0.006040265606198383,64.69999694824219,61.349998474121094,94.30000305175781,92.3499984741211,-3.1896826360087354,-1.9623877579207714,25400.0,2025-10-14 00:00:00,-17.300003051757812,-3.3499984741210938,-1.9500045776367188,12.0,max_hold,60
2025-10-14,2025-10-14 11:20:00,2025-10-14 12:20:00,-1,177.45000648498535,189.3499939441681,0.007040270045030167,0.0075189609635138025,8.600000381469727,3.950000047683716,168.85000610351562,185.39999389648438,2.6131885175818956,1.362763485635706,25300.0,2025-10-14 00:00:00,-23.89998745918274,4.650000333786011,-16.54998779296875,12.0,max_hold,60
2025-10-16,2025-10-16 11:46:00,2025-10-16 12:21:00,1,177.6500015258789,181.0999984741211,0.006957444488888274,0.007079749744883545,81.75,104.6500015258789,95.9000015258789,76.44999694824219,-2.6218969245841373,0.23518966643831227,25500.0,2025-10-20 00:00:00,-8.550003051757812,22.900001525878906,-19.45000457763672,12.0,mean_revert,35
2025-10-23,2025-10-23 12:47:00,2025-10-23 13:47:00,1,224.3499984741211,225.3000030517578,0.008578956421748555,0.008634036409309558,111.8499984741211,86.30000305175781,112.5,139.0,-2.694301460600678,-0.6023723359982004,26150.0,2025-10-28 00:00:00,-11.049995422363281,-25.54999542236328,26.5,12.0,max_hold,60
2025-10-24,2025-10-24 11:42:00,2025-10-24 12:42:00,1,204.1999969482422,202.25,0.007888738533832033,0.007814311104242331,69.94999694824219,65.5,134.25,136.75,-2.607734132217263,-0.6952113475974758,25950.0,2025-10-28 00:00:00,-13.949996948242188,-4.4499969482421875,2.5,12.0,max_hold,60
2025-10-27,2025-10-27 11:45:00,2025-10-27 12:16:00,1,160.5999984741211,173.20000076293945,0.006178633838873204,0.006647043023711437,78.19999694824219,114.4000015258789,82.4000015258789,58.79999923706055,-3.385366046911471,0.08308609035638612,26000.0,2025-10-28 00:00:00,0.6000022888183594,36.20000457763672,-23.60000228881836,12.0,mean_revert,31
2025-10-28,2025-10-28 12:36:00,2025-10-28 13:36:00,1,117.4000015258789,84.95000171661377,0.004530824260982644,0.0032741203981230364,14.75,14.550000190734863,102.6500015258789,70.4000015258789,-2.7671746218205793,-1.2000566736153286,26000.0,2025-10-28 00:00:00,-44.44999980926514,-0.19999980926513672,-32.25,12.0,max_hold,60
2025-10-30,2025-10-30 13:35:00,2025-10-30 13:58:00,-1,280.8000030517578,262.5499954223633,0.010792113572841301,0.010079468497480162,69.69999694824219,77.6500015258789,211.10000610351562,184.89999389648438,2.5420884758501825,-0.9978453812613006,26050.0,2025-11-04 00:00:00,6.250007629394531,-7.950004577636719,26.20001220703125,12.0,mean_revert,23
2025-10-31,2025-10-31 13:47:00,2025-10-31 14:03:00,-1,346.6000003814697,318.699987411499,0.013381671265262289,0.01228841285565834,20.850000381469727,24.899999618530273,325.75,293.79998779296875,2.6653734554907285,-0.15004051449715014,26100.0,2025-11-04 00:00:00,15.900012969970703,-4.049999237060547,31.95001220703125,12.0,mean_revert,16
2025-11-04,2025-11-04 11:25:00,2025-11-04 12:13:00,-1,156.44999980926514,135.65000009536743,0.006068469367446838,0.005260728863635825,7.449999809265137,7.150000095367432,149.0,128.5,2.828658695729905,-0.1841456838035406,25800.0,2025-11-04 00:00:00,8.799999713897705,0.2999997138977051,20.5,12.0,mean_revert,48
2025-11-06,2025-11-06 12:49:00,2025-11-06 13:45:00,1,248.6999969482422,259.7000045776367,0.00967444511664814,0.010122152137524161,60.75,45.650001525878906,187.9499969482422,214.0500030517578,-3.343924846357619,0.15090735336523312,25750.0,2025-11-11 00:00:00,-0.9999923706054688,-15.099998474121094,26.100006103515625,12.0,mean_revert,56
2025-11-07,2025-11-07 13:26:00,2025-11-07 13:27:00,-1,204.0999984741211,211.44999313354492,0.007963013478760918,0.008246879607392548,155.0,162.39999389648438,49.099998474121094,49.04999923706055,4.747587330254155,5.851142767632049,25450.0,2025-11-11 00:00:00,-19.349994659423828,-7.399993896484375,0.049999237060546875,12.0,stop_z_trend,1
2025-11-10,2025-11-10 14:17:00,2025-11-10 15:00:00,1,120.3499984741211,121.49999618530273,0.00467856498595653,0.004727516012544014,56.150001525878906,46.54999923706055,64.19999694824219,74.94999694824219,-2.511199550772941,-0.5764260894201285,25650.0,2025-11-11 00:00:00,-10.85000228881836,-9.60000228881836,10.75,12.0,eod_force,43
2025-11-11,2025-11-11 11:53:00,2025-11-11 12:53:00,1,92.60000228881836,66.9000015258789,0.003610840409000521,0.002604511510486313,18.049999237060547,22.5,74.55000305175781,44.400001525878906,-2.7660254418676486,-1.3806484012139106,25600.0,2025-11-11 00:00:00,-37.70000076293945,4.450000762939453,-30.150001525878906,12.0,max_hold,60
2025-11-12,2025-11-12 12:35:00,2025-11-12 12:52:00,-1,269.8499984741211,264.5,0.010374217753869423,0.010173076923076924,145.4499969482422,134.9499969482422,124.4000015258789,129.5500030517578,2.577328527812588,-0.4226808113511117,25950.0,2025-11-18 00:00:00,-6.650001525878906,10.5,-5.150001525878906,12.0,mean_revert,17
2025-11-13,2025-11-13 13:41:00,2025-11-13 13:52:00,-1,268.75000762939453,257.6999969482422,0.010300881856243562,0.009888718225181971,183.10000610351562,161.39999389648438,85.6500015258789,96.30000305175781,2.7955665860919567,-0.37590548649165656,25950.0,2025-11-18 00:00:00,-0.9499893188476562,21.70001220703125,-10.650001525878906,12.0,mean_revert,11
2025-11-14,2025-11-14 13:45:00,2025-11-14 14:06:00,-1,245.9499969482422,228.49999237060547,0.009523090615067226,0.008834673382717501,66.0,76.0999984741211,179.9499969482422,152.39999389648438,2.5178206051097414,-0.24158587708698862,25900.0,2025-11-18 00:00:00,5.450004577636719,-10.099998474121094,27.550003051757812,12.0,mean_revert,21
2025-11-17,2025-11-17 11:56:00,2025-11-17 12:56:00,1,150.29999542236328,142.54999923706055,0.005772332568644415,0.005469544335234937,48.599998474121094,52.70000076293945,101.69999694824219,89.8499984741211,-2.830240812214919,-1.3681580240416458,26050.0,2025-11-18 00:00:00,-19.749996185302734,4.100002288818359,-11.849998474121094,12.0,max_hold,60
2025-11-18,2025-11-18 14:21:00,2025-11-18 15:00:00,1,44.499999046325684,30.049999594688416,0.0017109592795376467,0.0011571756112300601,33.29999923706055,1.649999976158142,11.199999809265137,28.399999618530273,-2.9518222652689072,-1.4472378747244583,25950.0,2025-11-18 00:00:00,-26.449999451637268,-31.649999260902405,17.199999809265137,12.0,eod_force,39
2025-11-19,2025-11-19 12:01:00,2025-11-19 13:01:00,-1,294.8000030517578,301.25000762939453,0.011323653800866475,0.011565365413593398,190.5500030517578,198.10000610351562,104.25,103.1500015258789,2.7439295108544566,1.038464646976711,25950.0,2025-11-25 00:00:00,-18.45000457763672,-7.5500030517578125,1.0999984741210938,12.0,max_hold,60
2025-11-20,2025-11-20 13:24:00,2025-11-20 13:26:00,-1,259.9499969482422,268.74999237060547,0.009921566265843866,0.01025109950448672,180.75,193.14999389648438,79.19999694824219,75.5999984741211,2.9081955510416075,5.7528246904734095,26100.0,2025-11-25 00:00:00,-20.79999542236328,-12.399993896484375,3.5999984741210938,12.0,stop_z_trend,2
2025-11-24,2025-11-24 14:23:00,2025-11-24 15:00:00,-1,156.0,147.5999984741211,0.005991956860191199,0.005666026812826146,44.150001525878906,48.099998474121094,111.8499984741211,99.5,4.338817104280217,0.6983448764716239,26100.0,2025-11-25 00:00:00,-3.5999984741210938,-3.9499969482421875,12.349998474121094,12.0,eod_force,37
2025-11-27,2025-11-27 11:48:00,2025-11-27 12:44:00,-1,275.9000015258789,258.29999923706055,0.010446800512149901,0.009774834408214212,41.099998474121094,43.54999923706055,234.8000030517578,214.75,3.6361824733352868,-0.2319670580217873,26450.0,2025-12-02 00:00:00,5.600002288818359,-2.450000762939453,20.050003051757812,12.0,mean_revert,56
2025-11-28,2025-11-28 12:46:00,2025-11-28 13:23:00,-1,258.1500053405762,241.1999969482422,0.009783597564639436,0.009136363520766749,18.299999237060547,20.5,239.85000610351562,220.6999969482422,2.7287135592889267,-0.4403001661525344,26450.0,2025-12-02 00:00:00,4.950008392333984,-2.200000762939453,19.150009155273438,12.0,mean_revert,37
2025-12-01,2025-12-01 11:42:00,2025-12-01 11:46:00,-1,235.2000026702881,272.69999980926514,0.008913480223984844,0.010352682123277975,9.149999618530273,7.699999809265137,226.0500030517578,265.0,2.96514030192452,4.5568038377618985,26450.0,2025-12-02 00:00:00,-49.49999713897705,1.4499998092651367,-38.94999694824219,12.0,stop_z_trend,4
2025-12-03,2025-12-03 11:38:00,2025-12-03 12:38:00,1,277.3000030517578,273.1999969482422,0.01062871598199451,0.010471444881113155,76.94999694824219,76.19999694824219,200.35000610351562,197.0,-3.0192851070797877,-0.8942602935034497,26100.0,2025-12-09 00:00:00,-16.100006103515625,-0.75,-3.350006103515625,12.0,max_hold,60
2025-12-04,2025-12-04 12:20:00,2025-12-04 13:20:00,-1,236.70000076293945,236.39999771118164,0.009055226717323043,0.009044407303516562,59.45000076293945,57.95000076293945,177.25,178.4499969482422,2.503175086268605,0.7092066187424275,26150.0,2025-12-09 00:00:00,-11.699996948242188,1.5,-1.1999969482421875,12.0,max_hold,60
2025-12-05,2025-12-05 12:33:00,2025-12-05 12:37:00,-1,185.1999969482422,191.8499984741211,0.007030063655794192,0.007278348893134076,125.44999694824219,134.25,59.75,57.599998474121094,2.541208138911388,4.216238045944364,26150.0,2025-12-09 00:00:00,-18.650001525878906,-8.800003051757812,2.1500015258789062,12.0,stop_z_trend,4
2025-12-10,2025-12-10 12:31:00,2025-12-10 13:18:00,-1,300.25,282.29999923706055,0.011593156291248791,0.010891707591706174,61.0,63.79999923706055,239.25,218.5,2.9524698617457608,-0.12172963560330363,26000.0,2025-12-16 00:00:00,5.950000762939453,-2.799999237060547,20.75,12.0,mean_revert,47
2025-12-11,2025-12-11 12:28:00,2025-12-11 12:59:00,-1,239.9000015258789,228.9000015258789,0.009216643033765374,0.008804523483571003,169.25,147.3000030517578,70.6500015258789,81.5999984741211,2.6727065033850392,-0.026523409050955796,25850.0,2025-12-16 00:00:00,-1.0,21.949996948242188,-10.949996948242188,12.0,mean_revert,31
2025-12-16,2025-12-16 12:31:00,2025-12-16 12:42:00,1,100.19999980926514,118.5999984741211,0.0038559966061559384,0.004567669689635976,7.449999809265137,3.5,92.75,115.0999984741211,-2.6678573861631345,0.06283220873627426,26000.0,2025-12-16 00:00:00,6.399998664855957,-3.9499998092651367,22.349998474121094,12.0,mean_revert,11
2025-12-17,2025-12-17 14:16:00,2025-12-17 14:36:00,1,242.8000030517578,251.0,0.00937813839520115,0.009703220911818265,72.75,66.19999694824219,170.0500030517578,184.8000030517578,-2.5896739125434354,0.05097816220515019,25950.0,2025-12-23 00:00:00,-3.8000030517578125,-6.5500030517578125,14.75,12.0,mean_revert,20
2025-12-18,2025-12-18 13:32:00,2025-12-18 14:32:00,1,214.74999237060547,200.79999542236328,0.008278815824332214,0.007756788945121616,152.89999389648438,122.0999984741211,61.849998474121094,78.69999694824219,-2.9784218560996596,-1.4413257302796205,25800.0,2025-12-23 00:00:00,-25.949996948242188,-30.79999542236328,16.849998474121094,12.0,max_hold,60
2025-12-19,2025-12-19 11:45:00,2025-12-19 12:01:00,-1,198.10000610351562,182.29999542236328,0.0076305593351216955,0.007013156706253877,33.5,40.400001525878906,164.60000610351562,141.89999389648438,2.9015603059726582,-0.9812879802761877,26050.0,2025-12-23 00:00:00,3.8000106811523438,-6.900001525878906,22.70001220703125,12.0,mean_revert,16
2025-12-24,2025-12-24 14:26:00,2025-12-24 14:46:00,-1,186.3499984741211,177.5,0.007124424080978766,0.00678120192327064,47.849998474121094,53.5,138.5,124.0,3.3436908169699864,-0.4192349020243758,26250.0,2025-12-30 00:00:00,-3.1500015258789062,-5.650001525878906,14.5,12.0,mean_revert,20
2025-12-26,2025-12-26 12:36:00,2025-12-26 13:11:00,-1,144.5,137.6500015258789,0.005545470776619257,0.00528244690789312,48.650001525878906,48.400001525878906,95.8499984741211,89.25,2.7727654443129324,-0.15273752764129425,26100.0,2025-12-30 00:00:00,-5.150001525878906,0.25,6.599998474121094,12.0,mean_revert,35
2025-12-30,2025-12-30 13:32:00,2025-12-30 14:32:00,1,54.10000038146973,29.000000953674316,0.002087312166270028,0.0011178869654505518,9.899999618530273,10.050000190734863,44.20000076293945,18.950000762939453,-3.352079313279722,-1.8542878287878617,25950.0,2025-12-30 00:00:00,-37.09999942779541,0.15000057220458984,-25.25,12.0,max_hold,60
2025-12-31,2025-12-31 12:49:00,2025-12-31 13:49:00,-1,206.3499984741211,211.1999969482422,0.007848066661586961,0.008026145661938214,113.8499984741211,126.69999694824219,92.5,84.5,2.5474959644181703,0.9499935961133313,26150.0,2026-01-06 00:00:00,-16.849998474121094,-12.849998474121094,8.0,12.0,max_hold,60
2026-01-01,2026-01-01 14:20:00,2026-01-01 15:00:00,1,173.45000457763672,181.84999465942383,0.006592275015211989,0.006915763250025625,33.900001525878906,28.700000762939453,139.5500030517578,153.14999389648438,-2.6999276064506232,-0.3477975422520535,26300.0,2026-01-06 00:00:00,-3.6000099182128906,-5.200000762939453,13.599990844726562,12.0,eod_force,40
2026-01-02,2026-01-02 11:43:00,2026-01-02 12:43:00,1,159.3000030517578,155.4000015258789,0.0060265351171778225,0.00587768075668062,33.25,35.0,126.05000305175781,120.4000015258789,-2.5717788800257617,-1.3470814575903085,26400.0,2026-01-06 00:00:00,-15.900001525878906,1.75,-5.650001525878906,12.0,max_hold,60
2026-01-06,2026-01-06 11:17:00,2026-01-06 12:17:00,-1,241.94999384880066,233.34999692440033,0.009206620770502308,0.00887491837653577,1.2999999523162842,0.8999999761581421,240.64999389648438,232.4499969482422,2.728088195844715,0.9770062310348772,26400.0,2026-01-06 00:00:00,-3.4000030755996704,0.3999999761581421,8.199996948242188,12.0,max_hold,60
2026-01-07,2026-01-07 12:42:00,2026-01-07 13:03:00,-1,219.50000762939453,211.60000228881836,0.008373069144741351,0.00806894456561998,50.400001525878906,52.79999923706055,169.10000610351562,158.8000030517578,2.563904278029687,-0.06524383014689687,26250.0,2026-01-13 00:00:00,-4.099994659423828,-2.3999977111816406,10.300003051757812,12.0,mean_revert,21
2026-01-09,2026-01-09 11:14:00,2026-01-09 12:14:00,-1,225.30000686645508,266.9999942779541,0.008694645706375497,0.010327301449293716,30.700000762939453,21.350000381469727,194.60000610351562,245.64999389648438,2.59587430060777,1.688936906435004,26000.0,2026-01-13 00:00:00,-53.69998741149902,9.350000381469727,-51.04998779296875,12.0,max_hold,60
2026-01-12,2026-01-12 11:17:00,2026-01-12 11:33:00,-1,183.85000038146973,199.35000038146973,0.007177995564028803,0.007791583225301065,28.350000381469727,23.600000381469727,155.5,175.75,3.6969286723369357,4.109294446265306,25650.0,2026-01-13 00:00:00,-27.5,4.75,-20.25,12.0,stop_z_trend,16
2026-01-13,2026-01-13 12:41:00,2026-01-13 12:50:00,-1,121.69999980926514,145.90000295639038,0.004725424341470255,0.00567201076574603,7.449999809265137,5.599999904632568,114.25,140.3000030517578,3.2024342349948896,4.387152602769208,25800.0,2026-01-13 00:00:00,-36.200003147125244,1.8499999046325684,-26.050003051757812,12.0,stop_z_trend,9
2026-01-14,2026-01-14 13:39:00,2026-01-14 14:39:00,-1,259.6000061035156,269.7999954223633,0.01009174335653536,0.01049201188519759,72.30000305175781,71.6500015258789,187.3000030517578,198.14999389648438,3.2095314619349553,0.8445322998403761,25800.0,2026-01-20 00:00:00,-22.199989318847656,0.6500015258789062,-10.849990844726562,12.0,max_hold,60
2026-01-16,2026-01-16 13:25:00,2026-01-16 13:26:00,-1,229.70000457763672,229.35000228881836,0.008925587898878443,0.008909910348813891,62.900001525878906,63.29999923706055,166.8000030517578,166.0500030517578,5.300518612531206,4.68631633676685,25800.0,2026-01-20 00:00:00,-11.64999771118164,-0.3999977111816406,0.75,12.0,stop_z_trend,1
2026-01-19,2026-01-19 14:02:00,2026-01-19 14:13:00,-1,157.39999771118164,146.14999771118164,0.006135184266723403,0.005700278088460701,115.5999984741211,99.0999984741211,41.79999923706055,47.04999923706055,2.563991738651904,-0.03960163283368017,25550.0,2026-01-20 00:00:00,-0.75,16.5,-5.25,12.0,mean_revert,11
2026-01-22,2026-01-22 14:01:00,2026-01-22 14:12:00,1,292.04999923706055,323.04998779296875,0.011553067733575718,0.0128067388619611,62.04999923706055,48.25,230.0,274.79998779296875,-2.505330575960675,0.4371201964241164,25450.0,2026-01-27 00:00:00,18.999988555908203,-13.799999237060547,44.79998779296875,12.0,mean_revert,11
2026-01-27,2026-01-27 14:05:00,2026-01-27 14:10:00,-1,145.74999380111694,118.05000019073486,0.005826224540611878,0.004711822471091836,6.099999904632568,10.300000190734863,139.64999389648438,107.75,2.8139499511331008,-0.554118167292085,25150.0,2026-01-27 00:00:00,15.69999361038208,-4.200000286102295,31.899993896484375,12.0,mean_revert,5
2026-01-29,2026-01-29 13:43:00,2026-01-29 14:43:00,-1,397.5,404.9500045776367,0.015580903104421449,0.01585328656768532,262.6000061035156,280.8500061035156,134.89999389648438,124.0999984741211,2.555161160164855,0.8988862435613294,25300.0,2026-02-03 00:00:00,-19.45000457763672,-18.25,10.799995422363281,12.0,max_hold,60
2026-01-30,2026-01-30 11:14:00,2026-01-30 11:53:00,-1,418.04998779296875,407.1999969482422,0.01648936802294381,0.016040968956007175,140.14999389648438,154.8000030517578,277.8999938964844,252.39999389648438,3.141141611920113,-0.028285782039540398,25400.0,2026-02-03 00:00:00,-1.1500091552734375,-14.650009155273438,25.5,12.0,mean_revert,39
2026-02-06,2026-02-06 11:21:00,2026-02-06 12:21:00,1,225.64999389648438,219.24999237060547,0.008796584823658365,0.008547424754224221,85.44999694824219,79.3499984741211,140.1999969482422,139.89999389648438,-2.5075155798118023,-1.1047211979358122,25650.0,2026-02-10 00:00:00,-18.400001525878906,-6.099998474121094,-0.3000030517578125,12.0,max_hold,60
