date,symbol,tradingsymbol,entry_time,exit_time,direction,entry_price,exit_price,pnl_points,exit_reason,hold_seconds,vpin_at_entry,ofi_at_entry,kyle_at_entry
2024-10-29,BANKNIFTY,BANKNIFTY24OCTFUT,2024-10-29 11:40:49,2024-10-29 11:45:49,1,51667.05078125,51725.55078125,53.5,time_exit,300.0,0.6874899630640758,0.4396279069767442,0.0013919471874471597
2024-10-29,BANKNIFTY,BANKNIFTY24OCTFUT,2024-10-29 12:22:53,2024-10-29 12:24:14,1,51778.19921875,51728.0,-55.19921875,stop_loss,81.0,0.6885179153094463,0.2643573381950775,0.006596131914100322
2024-10-29,BANKNIFTY,BANKNIFTY24OCTFUT,2024-10-29 13:48:38,2024-10-29 13:50:51,1,51866.6484375,51810.05078125,-61.59765625,stop_loss,133.0,0.8313874147081122,0.15555555555555556,0.001203273378871591
2024-10-29,BANKNIFTY,BANKNIFTY24OCTFUT,2024-10-29 14:01:30,2024-10-29 14:06:31,1,51930.0,52177.3515625,242.3515625,time_exit,301.0,0.7027914614121511,0.20315299175922608,0.0028465947533590176
2024-10-29,BANKNIFTY,BANKNIFTY24OCTFUT,2024-10-29 14:07:31,2024-10-29 14:12:32,1,52167.1015625,52183.05078125,10.94921875,time_exit,301.0,0.793579565067311,0.29146958081878976,0.0021417043064043254
2024-10-29,BANKNIFTY,BANKNIFTY24OCTFUT,2024-10-29 14:37:16,2024-10-29 14:42:16,1,52260.0,52240.0,-25.0,time_exit,300.0,0.7181673652261887,0.16476841305998483,0.008555953523614351
2024-10-30,BANKNIFTY,BANKNIFTY24OCTFUT,2024-10-30 10:38:55,2024-10-30 10:43:56,1,51874.75,51900.0,20.25,time_exit,301.0,0.6950009023641942,0.37361702127659574,0.002608750962851185
2024-10-30,BANKNIFTY,BANKNIFTY24OCTFUT,2024-10-30 15:11:18,2024-10-30 15:15:00,1,51802.44921875,51791.55078125,-15.8984375,eod_close,222.0,0.6810376324442821,0.1861244019138756,0.0015683935612711794
2024-11-14,BANKNIFTY,BANKNIFTY24NOVFUT,2024-11-14 10:04:31,2024-11-14 10:04:56,1,50722.44921875,50670.0,-57.44921875,stop_loss,25.0,0.7282470481380563,0.46051800379027164,0.004530588698104783
2024-11-14,BANKNIFTY,BANKNIFTY24NOVFUT,2024-11-14 10:05:56,2024-11-14 10:07:12,1,50710.0,50660.0,-55.0,stop_loss,76.0,0.6887430005792624,0.3711665233591287,0.004998105903998202
2024-11-14,BANKNIFTY,BANKNIFTY24NOVFUT,2024-11-14 12:53:02,2024-11-14 12:58:04,1,50438.55078125,50381.1484375,-62.40234375,stop_loss,302.0,0.7595121304520748,0.7557373777689084,0.00022063280044307102
2024-11-14,BANKNIFTY,BANKNIFTY24NOVFUT,2024-11-14 14:17:15,2024-11-14 14:22:19,1,50260.05078125,50232.0,-33.05078125,time_exit,304.0,0.7245316159250585,0.5809786354238456,0.00013270805683613098
2024-11-14,BANKNIFTY,BANKNIFTY24NOVFUT,2024-11-14 14:30:44,2024-11-14 14:32:17,1,50283.75,50286.30078125,-2.44921875,ofi_reversal,93.0,0.7318049993094876,0.1574642126789366,0.01914507797843052
2024-11-19,BANKNIFTY,BANKNIFTY24NOVFUT,2024-11-19 09:40:23,2024-11-19 09:45:23,1,50824.80078125,50898.55078125,68.75,time_exit,300.0,0.7530829596412556,0.15990602975724355,0.0017073798371864404
2024-11-21,BANKNIFTY,BANKNIFTY24NOVFUT,2024-11-21 09:59:48,2024-11-21 10:00:32,1,50008.44921875,49954.30078125,-59.1484375,stop_loss,44.0,0.7148236905169463,0.3932103715584068,0.0024209339312847022
2024-11-21,BANKNIFTY,BANKNIFTY24NOVFUT,2024-11-21 10:04:27,2024-11-21 10:09:29,1,50030.0,50124.30078125,89.30078125,time_exit,302.0,0.8123617739494821,0.6221807698829913,0.0001784106568590739
2024-11-21,BANKNIFTY,BANKNIFTY24NOVFUT,2024-11-21 12:00:00,2024-11-21 12:05:00,1,50476.5,50583.3984375,101.8984375,time_exit,300.0,0.682258064516129,0.3053803339517625,0.0061392060361060525
2024-11-29,BANKNIFTY,BANKNIFTY24DECFUT,2024-11-29 10:23:04,2024-11-29 10:24:35,1,52158.1484375,52145.69921875,-17.44921875,ofi_reversal,91.0,0.6946763123724726,0.2814628899247042,0.0042354322838195416
2024-11-29,BANKNIFTY,BANKNIFTY24DECFUT,2024-11-29 12:08:14,2024-11-29 12:09:45,1,52163.94921875,52172.0,3.05078125,ofi_reversal,91.0,0.6804425642694435,0.2,0.004416063007910825
2024-11-29,BANKNIFTY,BANKNIFTY24DECFUT,2024-11-29 12:11:10,2024-11-29 12:16:10,1,52180.0,52178.1484375,-6.8515625,time_exit,300.0,0.6821104699093158,0.20352422907488987,0.0057325883250381095
2024-11-29,BANKNIFTY,BANKNIFTY24DECFUT,2024-11-29 14:00:33,2024-11-29 14:02:51,1,52429.0,52375.0,-59.0,stop_loss,138.0,0.7465703971119133,0.31805157593123207,0.004681931130395432
2024-11-29,BANKNIFTY,BANKNIFTY24DECFUT,2024-11-29 14:03:53,2024-11-29 14:08:53,1,52377.44921875,52372.19921875,-10.25,time_exit,300.0,0.6895693779904306,0.17342799188640973,0.00536177757084087
2024-12-02,BANKNIFTY,BANKNIFTY24DECFUT,2024-12-02 14:05:01,2024-12-02 14:10:01,1,52323.8984375,52315.1484375,-13.75,time_exit,300.0,0.68025866714568,0.32083916083916086,0.004290576681762681
2024-12-02,BANKNIFTY,BANKNIFTY24DECFUT,2024-12-02 14:19:42,2024-12-02 14:24:43,1,52382.8984375,52387.55078125,-0.34765625,time_exit,301.0,0.6817281728172817,0.3129425092041914,0.0031260859119263003
2024-12-02,BANKNIFTY,BANKNIFTY24DECFUT,2024-12-02 14:41:04,2024-12-02 14:46:04,1,52485.1484375,52484.69921875,-5.44921875,time_exit,300.0,0.6887862242755145,0.15963606286186932,0.013722431919004192
2024-12-03,BANKNIFTY,BANKNIFTY24DECFUT,2024-12-03 09:33:05,2024-12-03 09:38:05,1,52639.0,52660.3515625,16.3515625,time_exit,300.0,0.7891583452211127,0.2370824812542604,0.0016399066361899247
2024-12-04,BANKNIFTY,BANKNIFTY24DECFUT,2024-12-04 13:33:37,2024-12-04 13:38:37,1,53395.0,53424.44921875,24.44921875,time_exit,300.0,0.7027876755397191,0.4611041405269762,0.00461224753760696
2024-12-05,BANKNIFTY,BANKNIFTY24DECFUT,2024-12-05 12:06:50,2024-12-05 12:11:50,1,53427.3984375,53580.0,147.6015625,time_exit,300.0,0.6801270417422868,0.4971297359357061,0.006379244806611379
2024-12-05,BANKNIFTY,BANKNIFTY24DECFUT,2024-12-05 12:15:29,2024-12-05 12:20:29,1,53698.0,53773.44921875,70.44921875,time_exit,300.0,0.6805086429564872,0.27800829875518673,0.003825694311517338
2024-12-05,BANKNIFTY,BANKNIFTY24DECFUT,2024-12-05 14:35:44,2024-12-05 14:40:02,1,53911.8984375,53854.19921875,-62.69921875,stop_loss,258.0,0.6904247660187185,0.16659655027345394,0.0033524274854560376
2024-12-06,BANKNIFTY,BANKNIFTY24DECFUT,2024-12-06 10:11:37,2024-12-06 10:13:07,1,53463.69921875,53460.3515625,-8.34765625,ofi_reversal,90.0,0.7720588235294118,0.15818976176737284,0.0038375095459681936
2024-12-06,BANKNIFTY,BANKNIFTY24DECFUT,2024-12-06 10:14:07,2024-12-06 10:14:55,1,53464.55078125,53412.30078125,-57.25,stop_loss,48.0,0.772975004698365,0.26649601820250285,0.004084655573991821
2024-12-06,BANKNIFTY,BANKNIFTY24DECFUT,2024-12-06 10:27:55,2024-12-06 10:28:36,1,53975.0,53919.6484375,-60.3515625,stop_loss,41.0,0.8182374541003672,0.19112233091406333,0.004213656132275493
2024-12-06,BANKNIFTY,BANKNIFTY24DECFUT,2024-12-06 10:31:13,2024-12-06 10:32:15,1,53820.0,53751.0,-74.0,stop_loss,62.0,0.683835924330399,0.15005224660397073,0.005809268004317771
2024-12-09,BANKNIFTY,BANKNIFTY24DECFUT,2024-12-09 11:21:02,2024-12-09 11:26:02,1,53809.8984375,53822.0,7.1015625,time_exit,300.0,0.712318286151492,0.5528169014084507,0.003458229937826567
2024-12-10,BANKNIFTY,BANKNIFTY24DECFUT,2024-12-10 12:00:58,2024-12-10 12:06:00,1,53691.80078125,53701.0,4.19921875,time_exit,302.0,0.696332921302019,0.4482758620689655,0.006546956058928851
2024-12-10,BANKNIFTY,BANKNIFTY24DECFUT,2024-12-10 14:54:15,2024-12-10 14:59:21,1,53680.1015625,53669.5,-15.6015625,time_exit,306.0,0.6898935176536521,0.5089119446661347,0.003293929908509387
2024-12-10,BANKNIFTY,BANKNIFTY24DECFUT,2024-12-10 15:00:36,2024-12-10 15:04:36,1,53748.69921875,53695.0,-58.69921875,stop_loss,240.0,0.7934833936722808,0.477548344804982,0.0038761766529782525
2024-12-11,BANKNIFTY,BANKNIFTY24DECFUT,2024-12-11 09:55:05,2024-12-11 09:56:36,1,53543.3515625,53565.0,16.6484375,ofi_reversal,91.0,0.7565361737446397,0.17039321511179645,0.001137620843428329
2024-12-11,BANKNIFTY,BANKNIFTY24DECFUT,2024-12-11 10:27:17,2024-12-11 10:31:36,1,53627.0,53577.0,-55.0,stop_loss,259.0,0.6885109912899212,0.49285336156696663,0.005399129392107673
2024-12-13,BANKNIFTY,BANKNIFTY24DECFUT,2024-12-13 11:55:51,2024-12-13 12:00:51,1,52825.1015625,53119.94921875,289.84765625,time_exit,300.0,0.7585667072534353,0.6312332765750426,0.002731852954635287
2024-12-13,BANKNIFTY,BANKNIFTY24DECFUT,2024-12-13 13:02:12,2024-12-13 13:03:56,1,53360.0,53307.69921875,-57.30078125,stop_loss,104.0,0.8290313627532612,0.29177861364857605,0.004152859613795315
2024-12-13,BANKNIFTY,BANKNIFTY24DECFUT,2024-12-13 13:04:57,2024-12-13 13:09:57,1,53337.8515625,53335.0,-7.8515625,time_exit,300.0,0.747588959095444,0.25005714285714287,0.0043795464228801005
2024-12-13,BANKNIFTY,BANKNIFTY24DECFUT,2024-12-13 13:41:11,2024-12-13 13:46:12,1,53407.30078125,53445.0,32.69921875,time_exit,301.0,0.7737214273968097,0.34513274336283184,0.0028566792358629164
2024-12-13,BANKNIFTY,BANKNIFTY24DECFUT,2024-12-13 14:28:29,2024-12-13 14:33:29,1,53540.0,53547.8984375,2.8984375,time_exit,300.0,0.6836032011911409,0.2688372093023256,0.0036272881694857785
2024-12-16,BANKNIFTY,BANKNIFTY24DECFUT,2024-12-16 13:05:51,2024-12-16 13:10:51,1,53645.0,53652.0,2.0,time_exit,300.0,0.6863057324840764,0.6254777070063694,0.0029500511620680746
2024-12-16,BANKNIFTY,BANKNIFTY24DECFUT,2024-12-16 13:14:36,2024-12-16 13:19:36,1,53644.0,53697.0,48.0,time_exit,300.0,0.693732970027248,0.18979057591623036,0.003534977594995557
2024-12-16,BANKNIFTY,BANKNIFTY24DECFUT,2024-12-16 13:20:36,2024-12-16 13:25:32,1,53709.3984375,53659.05078125,-55.34765625,stop_loss,296.0,0.7096399535423926,0.40623766285037505,0.0030515130967526103
2024-12-16,BANKNIFTY,BANKNIFTY24DECFUT,2024-12-16 13:26:47,2024-12-16 13:31:47,1,53644.1015625,53685.8515625,36.75,time_exit,300.0,0.7499596709146636,0.38708526578665714,0.001521185023598303
2024-12-16,BANKNIFTY,BANKNIFTY24DECFUT,2024-12-16 13:33:58,2024-12-16 13:38:58,1,53679.8984375,53690.0,5.1015625,time_exit,300.0,0.7298890429958391,0.17871759890859482,0.013735064560272087
2024-12-17,BANKNIFTY,BANKNIFTY24DECFUT,2024-12-17 10:28:43,2024-12-17 10:30:13,1,53183.55078125,53152.05078125,-36.5,ofi_reversal,90.0,0.6812010860884843,0.244140625,0.004448423000365415
2024-12-17,BANKNIFTY,BANKNIFTY24DECFUT,2024-12-17 11:35:46,2024-12-17 11:40:46,1,53151.30078125,53152.6484375,-3.65234375,time_exit,300.0,0.7397073834637632,0.1533203125,0.0035006441767250476
2024-12-17,BANKNIFTY,BANKNIFTY24DECFUT,2024-12-17 11:45:50,2024-12-17 11:47:21,1,53055.8984375,53055.0,-5.8984375,ofi_reversal,91.0,0.7006160164271047,0.16045099739809193,0.005310316637526885
2024-12-17,BANKNIFTY,BANKNIFTY24DECFUT,2024-12-17 12:26:48,2024-12-17 12:31:49,1,53031.25,53074.44921875,38.19921875,time_exit,301.0,0.7414942125569975,0.35522115823073414,0.00230854203227602
2024-12-17,BANKNIFTY,BANKNIFTY24DECFUT,2024-12-17 13:37:16,2024-12-17 13:42:16,1,52945.05078125,52964.6484375,14.59765625,time_exit,300.0,0.7020792722547109,0.35384615384615387,0.002245539269448833
2024-12-19,BANKNIFTY,BANKNIFTY24DECFUT,2024-12-19 09:45:15,2024-12-19 09:45:34,1,51732.69921875,51672.30078125,-65.3984375,stop_loss,19.0,0.6817807089859852,0.2766761095372993,0.007399522169885368
2024-12-19,BANKNIFTY,BANKNIFTY24DECFUT,2024-12-19 10:21:36,2024-12-19 10:26:36,1,51592.0,51592.6484375,-4.3515625,time_exit,300.0,0.6951742127818148,0.16188624210014585,0.0029636982705993145
2024-12-19,BANKNIFTY,BANKNIFTY24DECFUT,2024-12-19 11:40:40,2024-12-19 11:41:28,1,51878.05078125,51828.0,-55.05078125,stop_loss,48.0,0.7736582448796532,0.38057465185968625,0.0031002383884257785
2024-12-19,BANKNIFTY,BANKNIFTY24DECFUT,2024-12-19 11:42:29,2024-12-19 11:43:15,1,51831.6484375,51780.0,-56.6484375,stop_loss,46.0,0.7451040391676866,0.3291862811028917,0.003189306682334132
2024-12-27,BANKNIFTY,BANKNIFTY25JANFUT,2024-12-27 09:43:20,2024-12-27 09:48:21,1,51805.0,51884.25,74.25,time_exit,301.0,0.6947077409162717,0.1676056338028169,0.010932543829612548
2024-12-27,BANKNIFTY,BANKNIFTY25JANFUT,2024-12-27 10:13:20,2024-12-27 10:18:21,1,52000.25,51978.1484375,-27.1015625,time_exit,301.0,0.7321398972318912,0.39270008795074757,0.001988044115589236
2024-12-30,BANKNIFTY,BANKNIFTY25JANFUT,2024-12-30 10:26:57,2024-12-30 10:32:02,1,51818.8515625,51814.80078125,-9.05078125,time_exit,305.0,0.6808867987907289,0.21845710165825521,0.009967213495939686
2024-12-30,BANKNIFTY,BANKNIFTY25JANFUT,2024-12-30 11:33:04,2024-12-30 11:35:42,1,52094.30078125,52037.8515625,-61.44921875,stop_loss,158.0,0.7248213125406108,0.5273913043478261,0.003236803433100269
2024-12-30,BANKNIFTY,BANKNIFTY25JANFUT,2024-12-30 11:39:28,2024-12-30 11:44:28,1,52038.1015625,52120.30078125,77.19921875,time_exit,300.0,0.6886741814278046,0.16038338658146964,0.010169697866951707
2024-12-30,BANKNIFTY,BANKNIFTY25JANFUT,2024-12-30 11:48:52,2024-12-30 11:53:52,1,52195.0,52257.94921875,57.94921875,time_exit,300.0,0.7088339222614841,0.31151059833646366,0.0035022599934120733
2024-12-30,BANKNIFTY,BANKNIFTY25JANFUT,2024-12-30 12:35:03,2024-12-30 12:36:34,1,51842.94921875,51811.44921875,-36.5,ofi_reversal,91.0,0.6964423820572312,0.15789473684210525,0.00399619431221109
2024-12-30,BANKNIFTY,BANKNIFTY25JANFUT,2024-12-30 15:01:31,2024-12-30 15:02:28,1,51340.0,51289.69921875,-55.30078125,stop_loss,57.0,0.6802336903602726,0.16327100195367011,0.005762693232959233
2024-12-31,BANKNIFTY,BANKNIFTY25JANFUT,2024-12-31 10:19:28,2024-12-31 10:24:30,1,51158.3515625,51203.80078125,40.44921875,time_exit,302.0,0.6834288139189476,0.5799782372143635,0.006361538100786705
2024-12-31,BANKNIFTY,BANKNIFTY25JANFUT,2024-12-31 10:26:01,2024-12-31 10:31:07,1,51201.1484375,51192.8984375,-13.25,time_exit,306.0,0.6906196213425129,0.1574307304785894,0.009821789279107608
2024-12-31,BANKNIFTY,BANKNIFTY25JANFUT,2024-12-31 11:14:51,2024-12-31 11:16:51,1,51344.69921875,51286.0,-63.69921875,stop_loss,120.0,0.6811594202898551,0.26967830253251196,0.0031099601642281386
2025-01-01,BANKNIFTY,BANKNIFTY25JANFUT,2025-01-01 10:13:03,2025-01-01 10:18:03,1,51166.8515625,51165.19921875,-6.65234375,time_exit,300.0,0.7629752066115703,0.3946661153607608,0.004261243877504728
2025-01-01,BANKNIFTY,BANKNIFTY25JANFUT,2025-01-01 10:21:09,2025-01-01 10:26:10,1,51195.8515625,51255.0,54.1484375,time_exit,301.0,0.7408865308916652,0.16195121951219513,0.0068979615715740825
2025-01-01,BANKNIFTY,BANKNIFTY25JANFUT,2025-01-01 10:49:45,2025-01-01 10:54:45,1,51393.94921875,51507.0,108.05078125,time_exit,300.0,0.7071129707112971,0.5710900473933649,0.0064372074819286935
2025-01-01,BANKNIFTY,BANKNIFTY25JANFUT,2025-01-01 10:57:09,2025-01-01 10:59:59,1,51544.3515625,51492.1015625,-57.25,stop_loss,170.0,0.6901938641069076,0.15234375,0.005291836313942098
2025-01-01,BANKNIFTY,BANKNIFTY25JANFUT,2025-01-01 14:02:17,2025-01-01 14:07:18,1,51650.0,51644.05078125,-10.94921875,time_exit,301.0,0.7780098463374608,0.5304125903870693,0.00340446998015045
2025-01-02,BANKNIFTY,BANKNIFTY25JANFUT,2025-01-02 13:21:57,2025-01-02 13:26:58,1,51752.0,51750.0,-7.0,time_exit,301.0,0.8077343237928775,0.7286044718581342,0.0007038368244210492
2025-01-03,BANKNIFTY,BANKNIFTY25JANFUT,2025-01-03 10:22:26,2025-01-03 10:25:43,1,51598.30078125,51535.05078125,-68.25,stop_loss,197.0,0.6980421686746988,0.2214001138303927,0.006020005530668047
2025-01-06,BANKNIFTY,BANKNIFTY25JANFUT,2025-01-06 11:16:27,2025-01-06 11:17:57,1,50478.05078125,50488.94921875,5.8984375,ofi_reversal,90.0,0.6855123674911661,0.22632575757575757,0.007156222164196602
2025-01-06,BANKNIFTY,BANKNIFTY25JANFUT,2025-01-06 13:56:51,2025-01-06 14:01:51,1,50024.5,50089.0,59.5,time_exit,300.0,0.735819492322156,0.15469914560988912,0.0026006767055851863
2025-01-07,BANKNIFTY,BANKNIFTY25JANFUT,2025-01-07 09:31:26,2025-01-07 09:36:26,1,50527.44921875,50566.69921875,34.25,time_exit,300.0,0.7527970165157166,0.19410234171725932,0.005390071647222797
2025-01-07,BANKNIFTY,BANKNIFTY25JANFUT,2025-01-07 11:34:02,2025-01-07 11:38:19,1,50680.8984375,50630.05078125,-55.84765625,stop_loss,257.0,0.6865234375,0.4962686567164179,0.0034854844852804127
2025-01-08,BANKNIFTY,BANKNIFTY25JANFUT,2025-01-08 14:11:23,2025-01-08 14:16:23,1,50100.0,50115.0,10.0,time_exit,300.0,0.6840605520926091,0.4020530367835757,0.00412642020958763
2025-01-08,BANKNIFTY,BANKNIFTY25JANFUT,2025-01-08 14:21:01,2025-01-08 14:26:01,1,50186.0,50180.19921875,-10.80078125,time_exit,300.0,0.6875119525721936,0.39819245082402976,0.0033583504418001173
2025-01-10,BANKNIFTY,BANKNIFTY25JANFUT,2025-01-10 10:19:42,2025-01-10 10:21:48,1,49261.8984375,49211.25,-55.6484375,stop_loss,126.0,0.6857409133271202,0.3532513181019332,0.0035314859045175164
2025-01-10,BANKNIFTY,BANKNIFTY25JANFUT,2025-01-10 11:14:58,2025-01-10 11:19:58,1,49483.0,49568.19921875,80.19921875,time_exit,300.0,0.7242344706911636,0.2690798081116441,0.004926316512883183
2025-01-13,BANKNIFTY,BANKNIFTY25JANFUT,2025-01-13 10:04:14,2025-01-13 10:05:55,1,48622.69921875,48569.75,-57.94921875,stop_loss,101.0,0.7075098814229249,0.49034899590563463,0.008519118135053804
2025-01-14,BANKNIFTY,BANKNIFTY25JANFUT,2025-01-14 10:40:19,2025-01-14 10:45:19,1,48876.75,48866.3984375,-15.3515625,time_exit,300.0,0.7404289118347895,0.5562279374684821,0.0015317348308195933
2025-01-14,BANKNIFTY,BANKNIFTY25JANFUT,2025-01-14 10:46:43,2025-01-14 10:51:43,1,48870.0,48942.0,67.0,time_exit,300.0,0.6948273066320739,0.18915343915343916,0.006658104199866707
2025-01-14,BANKNIFTY,BANKNIFTY25JANFUT,2025-01-14 14:12:02,2025-01-14 14:17:02,1,49114.3515625,49200.0,80.6484375,time_exit,300.0,0.750716723549488,0.44328385559831407,0.002125297246437447
2025-01-14,BANKNIFTY,BANKNIFTY25JANFUT,2025-01-14 14:18:02,2025-01-14 14:23:02,1,49183.3984375,49222.19921875,33.80078125,time_exit,300.0,0.6842936069455406,0.18772941793392764,0.005846570410713355
2025-01-16,BANKNIFTY,BANKNIFTY25JANFUT,2025-01-16 09:35:27,2025-01-16 09:37:36,1,49565.0,49511.6484375,-58.3515625,stop_loss,129.0,0.7994802352619341,0.37810349985043373,0.0024465256231528147
2025-01-16,BANKNIFTY,BANKNIFTY25JANFUT,2025-01-16 13:03:03,2025-01-16 13:05:31,1,49647.8984375,49595.8515625,-57.046875,stop_loss,148.0,0.7337671942020412,0.5695739623331505,0.0018616086185725804
2025-01-16,BANKNIFTY,BANKNIFTY25JANFUT,2025-01-16 13:06:31,2025-01-16 13:11:31,1,49575.8515625,49610.0,29.1484375,time_exit,300.0,0.7128440366972477,0.4669854699282693,0.0021536510715090616
2025-01-17,BANKNIFTY,BANKNIFTY25JANFUT,2025-01-17 10:40:01,2025-01-17 10:41:32,1,48646.8984375,48662.8515625,10.953125,ofi_reversal,91.0,0.8617416425918283,0.2876247880956866,0.0012513905751644718
2025-01-20,BANKNIFTY,BANKNIFTY25JANFUT,2025-01-20 09:46:41,2025-01-20 09:47:21,1,49024.1015625,48971.44921875,-57.65234375,stop_loss,40.0,0.6804308797127468,0.2896327289632729,0.005189599098624276
2025-01-20,BANKNIFTY,BANKNIFTY25JANFUT,2025-01-20 09:48:22,2025-01-20 09:51:28,1,49027.8515625,48975.05078125,-57.80078125,stop_loss,186.0,0.703032690035447,0.185969868173258,0.005260463570495432
2025-01-20,BANKNIFTY,BANKNIFTY25JANFUT,2025-01-20 10:28:41,2025-01-20 10:33:41,1,49142.6484375,49179.19921875,31.55078125,time_exit,300.0,0.6805160311136407,0.22596153846153846,0.007117184708949042
2025-01-20,BANKNIFTY,BANKNIFTY25JANFUT,2025-01-20 11:18:40,2025-01-20 11:23:40,1,49402.3984375,49390.0,-17.3984375,time_exit,300.0,0.8384604169704039,0.6643741403026134,0.00215600223552274
2025-01-20,BANKNIFTY,BANKNIFTY25JANFUT,2025-01-20 11:24:40,2025-01-20 11:29:40,1,49415.0,49401.3515625,-18.6484375,time_exit,300.0,0.7755800684670977,0.34772036474164136,0.0019324565931360266
2025-01-20,BANKNIFTY,BANKNIFTY25JANFUT,2025-01-20 12:24:29,2025-01-20 12:29:21,1,49550.94921875,49490.0,-65.94921875,stop_loss,292.0,0.7039922103213242,0.5050890585241731,0.003176986459082024
2025-01-20,BANKNIFTY,BANKNIFTY25JANFUT,2025-01-20 12:30:38,2025-01-20 12:35:39,1,49501.8984375,49511.0,4.1015625,time_exit,301.0,0.74913112164297,0.18327310273619,0.0034412226065697513
2025-01-20,BANKNIFTY,BANKNIFTY25JANFUT,2025-01-20 12:49:59,2025-01-20 12:53:25,1,49620.5,49565.05078125,-60.44921875,stop_loss,206.0,0.7291220556745182,0.18739495798319328,0.0017902582487647417
2025-01-20,BANKNIFTY,BANKNIFTY25JANFUT,2025-01-20 13:09:36,2025-01-20 13:14:36,1,49697.19921875,49690.0,-12.19921875,time_exit,300.0,0.8006336826712162,0.5369299071707252,0.0009322935364781741
2025-01-20,BANKNIFTY,BANKNIFTY25JANFUT,2025-01-20 13:16:18,2025-01-20 13:17:36,1,49796.0,49742.1484375,-58.8515625,stop_loss,78.0,0.692896174863388,0.23138510808646917,0.0028918171768520275
2025-01-20,BANKNIFTY,BANKNIFTY25JANFUT,2025-01-20 13:18:36,2025-01-20 13:23:32,1,49745.0,49691.0,-59.0,stop_loss,296.0,0.726450764425448,0.21998913633894623,0.0036550504518178184
2025-01-21,BANKNIFTY,BANKNIFTY25JANFUT,2025-01-21 11:45:24,2025-01-21 11:50:25,1,49052.55078125,49202.8515625,145.30078125,time_exit,301.0,0.6881759192501803,0.48140350877192983,0.004832894119437543
2025-01-21,BANKNIFTY,BANKNIFTY25JANFUT,2025-01-21 11:59:39,2025-01-21 12:01:13,1,49243.5,49191.8984375,-56.6015625,stop_loss,94.0,0.6929594512810168,0.38670411985018727,0.005793864915690272
2025-01-21,BANKNIFTY,BANKNIFTY25JANFUT,2025-01-21 13:02:18,2025-01-21 13:04:00,1,49052.0,49000.30078125,-56.69921875,stop_loss,102.0,0.6804570527974784,0.21221737405791352,0.00383947719062231
2025-01-22,BANKNIFTY,BANKNIFTY25JANFUT,2025-01-22 14:11:52,2025-01-22 14:16:52,1,48479.05078125,48545.0,60.94921875,time_exit,300.0,0.7293086660175268,0.3837899980839241,0.009513804925018528
2025-01-22,BANKNIFTY,BANKNIFTY25JANFUT,2025-01-22 14:29:45,2025-01-22 14:31:24,1,48653.1015625,48591.1484375,-66.953125,stop_loss,99.0,0.6860403863037753,0.16298633017875921,0.0037201685669845876
2025-01-22,BANKNIFTY,BANKNIFTY25JANFUT,2025-01-22 14:44:00,2025-01-22 14:48:55,1,48720.0,48670.0,-55.0,stop_loss,295.0,0.706641000962464,0.34368932038834954,0.003166133796012899
2025-01-22,BANKNIFTY,BANKNIFTY25JANFUT,2025-01-22 15:00:15,2025-01-22 15:05:16,1,48864.5,48836.6015625,-32.8984375,time_exit,301.0,0.6992706190387133,0.15614430665163473,0.0036554068372146795
2025-01-24,BANKNIFTY,BANKNIFTY25JANFUT,2025-01-24 09:52:55,2025-01-24 09:54:25,1,48384.30078125,48398.19921875,8.8984375,ofi_reversal,90.0,0.6816515531545437,0.1625544267053701,0.006299449778988753
2025-01-24,BANKNIFTY,BANKNIFTY25JANFUT,2025-01-24 11:15:01,2025-01-24 11:16:03,1,48858.3984375,48800.05078125,-63.34765625,stop_loss,62.0,0.6842883548983364,0.3439845073832002,0.0039432648779790455
2025-01-24,BANKNIFTY,BANKNIFTY25JANFUT,2025-01-24 11:44:39,2025-01-24 11:49:39,1,48872.0,48870.0,-7.0,time_exit,300.0,0.7036713286713286,0.5099227073323584,0.0014781644546754788
2025-01-24,BANKNIFTY,BANKNIFTY25JANFUT,2025-01-24 11:50:41,2025-01-24 11:55:41,1,48856.44921875,48821.3515625,-40.09765625,time_exit,300.0,0.7156231714452896,0.1606060606060606,0.012925805708287214
2025-01-27,BANKNIFTY,BANKNIFTY25JANFUT,2025-01-27 12:29:13,2025-01-27 12:34:13,1,48290.0,48249.55078125,-45.44921875,time_exit,300.0,0.6885901162790697,0.2775255391600454,0.0027644119129967876
2025-01-28,BANKNIFTY,BANKNIFTY25JANFUT,2025-01-28 09:48:50,2025-01-28 09:51:33,1,48684.0,48625.0,-64.0,stop_loss,163.0,0.6873261819626539,0.3079868708971554,0.004890061900275245
2025-01-28,BANKNIFTY,BANKNIFTY25JANFUT,2025-01-28 10:05:35,2025-01-28 10:10:36,1,48760.0,48745.0,-20.0,time_exit,301.0,0.6812212738017072,0.43231441048034935,0.00640153232984205
2025-01-28,BANKNIFTY,BANKNIFTY25JANFUT,2025-01-28 15:08:38,2025-01-28 15:10:11,1,48794.80078125,48780.0,-19.80078125,ofi_reversal,93.0,0.6810579541034617,0.18528896672504377,0.005884473265809268
2025-01-30,BANKNIFTY,BANKNIFTY25JANFUT,2025-01-30 13:51:04,2025-01-30 13:56:09,1,49293.0,49299.5,1.5,time_exit,305.0,0.6879893068550696,0.20321285140562248,0.008506643374477185
2025-01-31,BANKNIFTY,BANKNIFTY25FEBFUT,2025-01-31 10:36:00,2025-01-31 10:41:04,1,49606.44921875,49590.05078125,-21.3984375,time_exit,304.0,0.7046925566343042,0.631547969393761,0.004490059689602107
2025-01-31,BANKNIFTY,BANKNIFTY25FEBFUT,2025-01-31 10:42:34,2025-01-31 10:47:35,1,49626.30078125,49668.69921875,37.3984375,time_exit,301.0,0.6817273090763695,0.15883668903803133,0.008558442561772671
2025-01-31,BANKNIFTY,BANKNIFTY25FEBFUT,2025-01-31 13:36:04,2025-01-31 13:38:56,1,49915.0,49861.0,-59.0,stop_loss,172.0,0.7179902755267423,0.27901234567901234,0.0027309255312224843
2025-01-31,BANKNIFTY,BANKNIFTY25FEBFUT,2025-01-31 14:16:08,2025-01-31 14:21:09,1,49612.30078125,49669.0,51.69921875,time_exit,301.0,0.8256439286725162,0.34966592427616927,0.0011649017026239745
2025-02-01,BANKNIFTY,BANKNIFTY25FEBFUT,2025-02-01 11:18:49,2025-02-01 11:23:49,1,50149.0,50188.6484375,34.6484375,time_exit,300.0,0.732933233308327,0.1694459386767079,0.005997541887013334
2025-02-01,BANKNIFTY,BANKNIFTY25FEBFUT,2025-02-01 12:06:50,2025-02-01 12:07:55,1,49831.05078125,49777.0,-59.05078125,stop_loss,65.0,0.694344163658243,0.25509741730856367,0.013126161080665496
2025-02-01,BANKNIFTY,BANKNIFTY25FEBFUT,2025-02-01 12:13:58,2025-02-01 12:14:09,1,49795.44921875,49742.19921875,-58.25,stop_loss,11.0,0.8153439153439154,0.3192982456140351,0.006299511450231074
2025-02-01,BANKNIFTY,BANKNIFTY25FEBFUT,2025-02-01 12:19:36,2025-02-01 12:20:50,1,49728.30078125,49668.0,-65.30078125,stop_loss,74.0,0.6861397479954181,0.1757404795486601,0.0064859354109028395
2025-02-01,BANKNIFTY,BANKNIFTY25FEBFUT,2025-02-01 13:30:27,2025-02-01 13:34:21,1,49616.0,49566.0,-55.0,stop_loss,234.0,0.6844879518072289,0.3491599707815924,0.005762401494803517
2025-02-01,BANKNIFTY,BANKNIFTY25FEBFUT,2025-02-01 13:47:59,2025-02-01 13:52:59,1,49680.0,49699.6484375,14.6484375,time_exit,300.0,0.6846441947565544,0.17566799317794202,0.006677270820519739
2025-02-01,BANKNIFTY,BANKNIFTY25FEBFUT,2025-02-01 14:24:31,2025-02-01 14:29:23,1,49933.1015625,49882.75,-55.3515625,stop_loss,292.0,0.7243460764587525,0.5012394645513139,0.0023885223723277577
2025-02-03,BANKNIFTY,BANKNIFTY25FEBFUT,2025-02-03 09:31:16,2025-02-03 09:35:37,1,49492.05078125,49438.69921875,-58.3515625,stop_loss,261.0,0.7571523619427811,0.20788878111865502,0.0035684130082328258
2025-02-03,BANKNIFTY,BANKNIFTY25FEBFUT,2025-02-03 13:04:03,2025-02-03 13:06:23,1,49594.1015625,49542.5,-56.6015625,stop_loss,140.0,0.68,0.663135593220339,0.001681091244401093
2025-02-03,BANKNIFTY,BANKNIFTY25FEBFUT,2025-02-03 13:08:12,2025-02-03 13:13:12,1,49624.0,49616.3515625,-12.6484375,time_exit,300.0,0.6809641970932293,0.44103612815269255,0.006022805402794397
2025-02-04,BANKNIFTY,BANKNIFTY25FEBFUT,2025-02-04 09:38:44,2025-02-04 09:43:44,1,50038.94921875,50141.30078125,97.3515625,time_exit,300.0,0.7889641819941917,0.3606080930024592,0.00377173438525551
2025-02-04,BANKNIFTY,BANKNIFTY25FEBFUT,2025-02-04 09:44:45,2025-02-04 09:49:47,1,50116.1484375,50147.94921875,26.80078125,time_exit,302.0,0.7373519913885899,0.2954446854663774,0.0011574817137695727
2025-02-04,BANKNIFTY,BANKNIFTY25FEBFUT,2025-02-04 09:50:47,2025-02-04 09:55:47,1,50144.55078125,50133.3984375,-16.15234375,time_exit,300.0,0.7170418006430869,0.26781948544917755,0.004015045793123332
2025-02-04,BANKNIFTY,BANKNIFTY25FEBFUT,2025-02-04 11:22:27,2025-02-04 11:23:41,1,50074.75,50020.3984375,-59.3515625,stop_loss,74.0,0.6842510589141317,0.3101391650099404,0.010398902671582957
2025-02-04,BANKNIFTY,BANKNIFTY25FEBFUT,2025-02-04 12:38:38,2025-02-04 12:43:39,1,50151.1015625,50149.94921875,-6.15234375,time_exit,301.0,0.6951305575158786,0.40404040404040403,0.002067503019472136
2025-02-04,BANKNIFTY,BANKNIFTY25FEBFUT,2025-02-04 12:58:21,2025-02-04 13:03:25,1,50173.1015625,50180.1015625,2.0,time_exit,304.0,0.779672131147541,0.2905748924520923,0.0019982389550843417
2025-02-04,BANKNIFTY,BANKNIFTY25FEBFUT,2025-02-04 14:44:31,2025-02-04 14:49:32,1,50284.0,50290.55078125,1.55078125,time_exit,301.0,0.6839121190644932,0.41467975689574565,0.0034547022188387193
2025-02-04,BANKNIFTY,BANKNIFTY25FEBFUT,2025-02-04 14:59:10,2025-02-04 15:00:15,1,50339.0,50281.6015625,-62.3984375,stop_loss,65.0,0.7231715652768285,0.4350603264726757,0.002540728557224049
2025-02-04,BANKNIFTY,BANKNIFTY25FEBFUT,2025-02-04 15:05:02,2025-02-04 15:10:03,1,50336.30078125,50336.8984375,-4.40234375,time_exit,301.0,0.7683045883501465,0.176602086438152,0.0016487350057458694
2025-02-05,BANKNIFTY,BANKNIFTY25FEBFUT,2025-02-05 09:45:30,2025-02-05 09:50:30,1,50618.0,50627.8984375,4.8984375,time_exit,300.0,0.6808340016038492,0.27003367003367,0.004576002737096065
2025-02-05,BANKNIFTY,BANKNIFTY25FEBFUT,2025-02-05 12:57:44,2025-02-05 13:02:49,1,50609.0,50612.55078125,-1.44921875,time_exit,305.0,0.7305919886565048,0.5213860314022739,0.0015341008507405872
2025-02-06,BANKNIFTY,BANKNIFTY25FEBFUT,2025-02-06 11:30:10,2025-02-06 11:31:40,1,50398.3515625,50426.5,23.1484375,ofi_reversal,90.0,0.7338972023422251,0.19184652278177458,0.006676332796281755
2025-02-06,BANKNIFTY,BANKNIFTY25FEBFUT,2025-02-06 11:32:41,2025-02-06 11:34:13,1,50425.0,50420.0,-10.0,ofi_reversal,92.0,0.7293882978723404,0.18417462482946795,0.006010506225710659
2025-02-06,BANKNIFTY,BANKNIFTY25FEBFUT,2025-02-06 13:15:08,2025-02-06 13:20:08,1,50509.6484375,50494.6015625,-20.046875,time_exit,300.0,0.6832901554404145,0.2484076433121019,0.01204801947591232
2025-02-06,BANKNIFTY,BANKNIFTY25FEBFUT,2025-02-06 13:21:16,2025-02-06 13:26:17,1,50499.1015625,50509.0,4.8984375,time_exit,301.0,0.6898876404494382,0.3064275037369208,0.01020412124678181
2025-02-06,BANKNIFTY,BANKNIFTY25FEBFUT,2025-02-06 13:27:18,2025-02-06 13:32:19,1,50511.0,50524.8984375,8.8984375,time_exit,301.0,0.6962676962676962,0.3858520900321543,0.01201404648644522
2025-02-07,BANKNIFTY,BANKNIFTY25FEBFUT,2025-02-07 10:11:36,2025-02-07 10:12:35,1,50645.25,50594.69921875,-55.55078125,stop_loss,59.0,0.8746763335059554,0.28466367713004487,0.0035777859308137832
2025-02-07,BANKNIFTY,BANKNIFTY25FEBFUT,2025-02-07 10:32:01,2025-02-07 10:33:31,1,50355.6484375,50328.69921875,-31.94921875,ofi_reversal,90.0,0.6972885471469041,0.17551572539736218,0.0035459579580232265
2025-02-07,BANKNIFTY,BANKNIFTY25FEBFUT,2025-02-07 11:24:22,2025-02-07 11:29:22,1,50606.0,50655.0,44.0,time_exit,300.0,0.7161736941472624,0.5165109034267913,0.0027357395381538536
2025-02-07,BANKNIFTY,BANKNIFTY25FEBFUT,2025-02-07 12:22:26,2025-02-07 12:27:26,1,50335.5,50331.0,-9.5,time_exit,300.0,0.6821576763485477,0.1979301423027167,0.004975820648043768
2025-02-07,BANKNIFTY,BANKNIFTY25FEBFUT,2025-02-07 14:37:09,2025-02-07 14:42:10,1,50215.0,50198.55078125,-21.44921875,time_exit,301.0,0.6829971181556196,0.28735632183908044,0.0047646280337992715
2025-02-07,BANKNIFTY,BANKNIFTY25FEBFUT,2025-02-07 14:43:32,2025-02-07 14:48:33,1,50181.1015625,50226.94921875,40.84765625,time_exit,301.0,0.7075471698113207,0.524451939291737,0.004795676903971432
2025-02-07,BANKNIFTY,BANKNIFTY25FEBFUT,2025-02-07 15:03:20,2025-02-07 15:08:20,1,50278.5,50319.6484375,36.1484375,time_exit,300.0,0.7062706270627063,0.4631401238041643,0.004795939781096872
2025-02-07,BANKNIFTY,BANKNIFTY25FEBFUT,2025-02-07 15:10:22,2025-02-07 15:15:01,1,50348.0,50365.0,12.0,eod_close,279.0,0.695146409947854,0.24731182795698925,0.005167461835685131
2025-02-10,BANKNIFTY,BANKNIFTY25FEBFUT,2025-02-10 14:54:46,2025-02-10 14:59:46,1,50230.0,50248.0,13.0,time_exit,300.0,0.68515625,0.35194585448392557,0.007012781461471538
2025-02-11,BANKNIFTY,BANKNIFTY25FEBFUT,2025-02-11 10:31:03,2025-02-11 10:36:04,1,49813.6484375,49780.0,-38.6484375,time_exit,301.0,0.6889568207871609,0.2916030534351145,0.0034834715240649396
2025-02-11,BANKNIFTY,BANKNIFTY25FEBFUT,2025-02-11 11:04:42,2025-02-11 11:09:49,1,49797.3515625,49825.6484375,23.296875,time_exit,307.0,0.6945481702763256,0.4342527261064785,0.0017218125439561688
2025-02-11,BANKNIFTY,BANKNIFTY25FEBFUT,2025-02-11 11:10:50,2025-02-11 11:15:55,1,49840.0,49821.8984375,-23.1015625,time_exit,305.0,0.7548291233283804,0.3558327219369039,0.006526908557343679
2025-02-11,BANKNIFTY,BANKNIFTY25FEBFUT,2025-02-11 11:16:57,2025-02-11 11:22:03,1,49820.0,49859.0,34.0,time_exit,306.0,0.7025547445255474,0.15985130111524162,0.007328359461590954
2025-02-11,BANKNIFTY,BANKNIFTY25FEBFUT,2025-02-11 14:10:43,2025-02-11 14:12:14,1,49500.0,49529.30078125,24.30078125,ofi_reversal,91.0,0.8091009988901221,0.18147871545929797,0.0009121490053846113
2025-02-11,BANKNIFTY,BANKNIFTY25FEBFUT,2025-02-11 14:13:25,2025-02-11 14:14:56,1,49512.0,49574.55078125,57.55078125,ofi_reversal,91.0,0.803072625698324,0.23947750362844702,0.006277849815429095
2025-02-12,BANKNIFTY,BANKNIFTY25FEBFUT,2025-02-12 11:45:42,2025-02-12 11:45:59,1,49686.6015625,49619.8515625,-71.75,stop_loss,17.0,0.8481471883907749,0.49491525423728816,0.0024754392648002515
2025-02-12,BANKNIFTY,BANKNIFTY25FEBFUT,2025-02-12 11:47:02,2025-02-12 11:48:50,1,49562.3984375,49504.05078125,-63.34765625,stop_loss,108.0,0.7819988310929281,0.30354725155699974,0.002756458972081659
2025-02-12,BANKNIFTY,BANKNIFTY25FEBFUT,2025-02-12 12:39:26,2025-02-12 12:44:28,1,49669.25,49651.0,-23.25,time_exit,302.0,0.75037147102526,0.2873354516568316,0.0015019117039404399
2025-02-12,BANKNIFTY,BANKNIFTY25FEBFUT,2025-02-12 12:47:50,2025-02-12 12:52:51,1,49780.0,49820.0,35.0,time_exit,301.0,0.6827956989247311,0.22267679719462302,0.0037413086580378252
2025-02-12,BANKNIFTY,BANKNIFTY25FEBFUT,2025-02-12 12:53:58,2025-02-12 12:58:58,1,49803.05078125,49782.25,-25.80078125,time_exit,300.0,0.6805860805860806,0.15115115115115116,0.00538253278572324
2025-02-13,BANKNIFTY,BANKNIFTY25FEBFUT,2025-02-13 12:16:06,2025-02-13 12:21:10,1,49865.8515625,49866.0,-4.8515625,time_exit,304.0,0.6930872240318494,0.1559741024131842,0.0016935810682790757
2025-02-13,BANKNIFTY,BANKNIFTY25FEBFUT,2025-02-13 12:22:18,2025-02-13 12:27:27,1,49858.6484375,49884.1484375,20.5,time_exit,309.0,0.695910780669145,0.3099870298313878,0.0015981806755713606
2025-02-13,BANKNIFTY,BANKNIFTY25FEBFUT,2025-02-13 12:28:31,2025-02-13 12:33:32,1,49879.1015625,49880.1015625,-4.0,time_exit,301.0,0.6850335070737156,0.2775453277545328,0.0015494541272266435
2025-02-14,BANKNIFTY,BANKNIFTY25FEBFUT,2025-02-14 10:04:01,2025-02-14 10:09:01,1,49591.6484375,49580.0,-16.6484375,time_exit,300.0,0.7348804500703235,0.32295081967213113,0.0036285309714569037
2025-02-14,BANKNIFTY,BANKNIFTY25FEBFUT,2025-02-14 10:50:10,2025-02-14 10:55:10,1,49200.0,49234.0,29.0,time_exit,300.0,0.7265082266910421,0.16901408450704225,0.002192313661701717
2025-02-14,BANKNIFTY,BANKNIFTY25FEBFUT,2025-02-14 13:11:39,2025-02-14 13:16:40,1,49010.0,49060.0,45.0,time_exit,301.0,0.6849791376912379,0.24489795918367346,0.005806085970294259
2025-02-14,BANKNIFTY,BANKNIFTY25FEBFUT,2025-02-14 14:38:27,2025-02-14 14:43:28,1,49380.0,49461.8984375,76.8984375,time_exit,301.0,0.680125441003528,0.3708010335917313,0.005658581791024721
2025-02-17,BANKNIFTY,BANKNIFTY25FEBFUT,2025-02-17 10:38:22,2025-02-17 10:43:22,1,49089.6015625,49111.8984375,17.296875,time_exit,300.0,0.7230880753896339,0.42131209708001516,0.005555655038476677
2025-02-17,BANKNIFTY,BANKNIFTY25FEBFUT,2025-02-17 10:45:05,2025-02-17 10:46:30,1,49199.8984375,49144.5,-60.3984375,stop_loss,85.0,0.7123824451410659,0.33808674985145576,0.0045054302837948335
2025-02-17,BANKNIFTY,BANKNIFTY25FEBFUT,2025-02-17 10:47:30,2025-02-17 10:51:36,1,49174.0,49106.3984375,-72.6015625,stop_loss,246.0,0.7528779739063699,0.33959605448567404,0.004595814474634446
2025-02-17,BANKNIFTY,BANKNIFTY25FEBFUT,2025-02-17 10:52:36,2025-02-17 10:56:47,1,49169.8984375,49116.25,-58.6484375,stop_loss,251.0,0.7124233128834356,0.2862092862092862,0.00919951112884085
2025-02-17,BANKNIFTY,BANKNIFTY25FEBFUT,2025-02-17 13:35:43,2025-02-17 13:40:43,1,49325.8515625,49357.30078125,26.44921875,time_exit,300.0,0.7476406850751486,0.5341792877609497,0.004920860832548996
2025-02-17,BANKNIFTY,BANKNIFTY25FEBFUT,2025-02-17 13:44:35,2025-02-17 13:44:57,1,49435.94921875,49384.1484375,-56.80078125,stop_loss,22.0,0.6817420435510888,0.22736418511066397,0.007417640658704954
2025-02-17,BANKNIFTY,BANKNIFTY25FEBFUT,2025-02-17 15:14:12,2025-02-17 15:15:00,1,49469.69921875,49475.0,0.30078125,eod_close,48.0,0.6822934232715009,0.3175,0.004850152111205745
2025-02-19,BANKNIFTY,BANKNIFTY25FEBFUT,2025-02-19 09:37:36,2025-02-19 09:42:36,1,49297.69921875,49314.80078125,12.1015625,time_exit,300.0,0.6861777150916785,0.4161849710982659,0.00126597519674895
2025-02-19,BANKNIFTY,BANKNIFTY25FEBFUT,2025-02-19 09:47:46,2025-02-19 09:52:46,1,49490.0,49548.1015625,53.1015625,time_exit,300.0,0.7969849246231155,0.46244072872473174,0.00160327381380587
2025-02-19,BANKNIFTY,BANKNIFTY25FEBFUT,2025-02-19 10:18:58,2025-02-19 10:22:16,1,49702.0,49650.0,-57.0,stop_loss,198.0,0.8003671408903167,0.40144872283644684,0.0008990718195266183
2025-02-20,BANKNIFTY,BANKNIFTY25FEBFUT,2025-02-20 09:37:25,2025-02-20 09:42:16,1,49466.80078125,49415.0,-56.80078125,stop_loss,291.0,0.6828844483058211,0.17388493859082094,0.006566336183254564
2025-02-21,BANKNIFTY,BANKNIFTY25FEBFUT,2025-02-21 09:49:55,2025-02-21 09:51:25,1,49120.05078125,49118.5,-6.55078125,ofi_reversal,90.0,0.6958199356913183,0.21789473684210525,0.0009290902869917202
2025-02-21,BANKNIFTY,BANKNIFTY25FEBFUT,2025-02-21 10:18:45,2025-02-21 10:20:15,1,48944.1484375,48966.8984375,17.75,ofi_reversal,90.0,0.7143869596031184,0.15194015895278168,0.003175440990022971
2025-02-21,BANKNIFTY,BANKNIFTY25FEBFUT,2025-02-21 14:27:16,2025-02-21 14:32:22,1,48964.5,48978.30078125,8.80078125,time_exit,306.0,0.7163751987281399,0.18429319371727748,0.0006631807931696211
2025-02-21,BANKNIFTY,BANKNIFTY25FEBFUT,2025-02-21 14:41:46,2025-02-21 14:46:49,1,49054.25,49068.94921875,9.69921875,time_exit,303.0,0.6996742671009772,0.15555555555555556,0.006359752613228902
2025-02-24,BANKNIFTY,BANKNIFTY25FEBFUT,2025-02-24 14:12:36,2025-02-24 14:17:36,1,48705.05078125,48705.0,-5.05078125,time_exit,300.0,0.692524682651622,0.15229357798165138,0.0056773702494636044
2025-02-24,BANKNIFTY,BANKNIFTY25FEBFUT,2025-02-24 14:46:03,2025-02-24 14:48:50,1,48869.25,48817.19921875,-57.05078125,stop_loss,167.0,0.7224171539961014,0.15430861723446893,0.004330224554534755
2025-02-24,BANKNIFTY,BANKNIFTY25FEBFUT,2025-02-24 14:53:45,2025-02-24 14:56:15,1,48891.0,48836.6015625,-59.3984375,stop_loss,150.0,0.7168141592920354,0.28685714285714287,0.0051738767518595425
2025-02-24,BANKNIFTY,BANKNIFTY25FEBFUT,2025-02-24 14:58:04,2025-02-24 15:02:30,1,48838.55078125,48781.25,-62.30078125,stop_loss,266.0,0.7049180327868853,0.5240464344941956,0.002248086612692981
2025-02-25,BANKNIFTY,BANKNIFTY25FEBFUT,2025-02-25 10:17:53,2025-02-25 10:19:11,1,48769.94921875,48716.0,-58.94921875,stop_loss,78.0,0.6840521564694082,0.15234375,0.005555611197520364
2025-02-25,BANKNIFTY,BANKNIFTY25FEBFUT,2025-02-25 12:25:17,2025-02-25 12:30:17,1,48749.0,48768.94921875,14.94921875,time_exit,300.0,0.6903279369032793,0.18625277161862527,0.0050968792291783225
2025-02-27,BANKNIFTY,BANKNIFTY25FEBFUT,2025-02-27 09:37:54,2025-02-27 09:39:14,1,48942.1484375,48890.1484375,-57.0,stop_loss,80.0,0.7298284045271997,0.36702508960573477,0.0038928748059256398
2025-02-28,BANKNIFTY,BANKNIFTY25MARFUT,2025-02-28 10:11:16,2025-02-28 10:16:16,1,48679.1015625,48779.80078125,95.69921875,time_exit,300.0,0.6809222759390108,0.2765509989484753,0.0052407005606445786
2025-02-28,BANKNIFTY,BANKNIFTY25MARFUT,2025-02-28 14:45:47,2025-02-28 14:47:43,1,48750.0,48700.0,-55.0,stop_loss,116.0,0.6808681672025724,0.5292076344707923,0.0035372743676023023
2025-02-28,BANKNIFTY,BANKNIFTY25MARFUT,2025-02-28 14:48:43,2025-02-28 14:52:58,1,48704.0,48651.0,-58.0,stop_loss,255.0,0.6966431827600498,0.18330605564648117,0.003986940805604704
2025-03-03,BANKNIFTY,BANKNIFTY25MARFUT,2025-03-03 12:48:02,2025-03-03 12:53:03,1,48466.05078125,48442.55078125,-28.5,time_exit,301.0,0.6823438704703161,0.15467980295566502,0.006960177671443886
2025-03-05,BANKNIFTY,BANKNIFTY25MARFUT,2025-03-05 09:30:10,2025-03-05 09:31:35,1,48729.55078125,48674.1015625,-60.44921875,stop_loss,85.0,0.6836283185840708,0.35473159933591586,0.003667734928227646
2025-03-05,BANKNIFTY,BANKNIFTY25MARFUT,2025-03-05 09:49:02,2025-03-05 09:50:49,1,48870.0,48820.0,-55.0,stop_loss,107.0,0.7065081351689612,0.2692589875275128,0.002933233781693407
2025-03-06,BANKNIFTY,BANKNIFTY25MARFUT,2025-03-06 10:05:41,2025-03-06 10:09:31,1,48741.8984375,48680.0,-66.8984375,stop_loss,230.0,0.7795643153526971,0.3877551020408163,0.00016108434179595786
2025-03-07,BANKNIFTY,BANKNIFTY25MARFUT,2025-03-07 10:19:12,2025-03-07 10:24:13,1,48845.8515625,48825.0,-25.8515625,time_exit,301.0,0.7086419753086419,0.29991431019708653,0.0037005559806790544
2025-03-10,BANKNIFTY,BANKNIFTY25MARFUT,2025-03-10 14:36:20,2025-03-10 14:39:19,1,48324.8515625,48310.0,-19.8515625,ofi_reversal,179.0,0.695046439628483,0.156737998843262,0.004378254709867478
2025-03-17,BANKNIFTY,BANKNIFTY25MARFUT,2025-03-17 09:33:36,2025-03-17 09:35:35,1,48540.05078125,48490.0,-55.05078125,stop_loss,119.0,0.7137978142076503,0.23596980636691828,0.0030243623116267293
2025-03-17,BANKNIFTY,BANKNIFTY25MARFUT,2025-03-17 11:40:40,2025-03-17 11:45:45,1,48579.19921875,48549.55078125,-34.6484375,time_exit,305.0,0.6840478949401313,0.5719000471475719,0.0022027515947551134
2025-03-18,BANKNIFTY,BANKNIFTY25MARFUT,2025-03-18 10:04:12,2025-03-18 10:09:12,1,49019.55078125,49028.80078125,4.25,time_exit,300.0,0.7991180793728564,0.6377952755905512,0.0006237412537095497
2025-03-21,BANKNIFTY,BANKNIFTY25MARFUT,2025-03-21 10:32:01,2025-03-21 10:35:36,1,50416.0,50365.1015625,-55.8984375,stop_loss,215.0,0.7058125741399762,0.28543111992071357,0.004307953389095123
2025-03-24,BANKNIFTY,BANKNIFTY25MARFUT,2025-03-24 09:52:04,2025-03-24 09:57:04,1,51297.05078125,51336.8515625,34.80078125,time_exit,300.0,0.6800330715171559,0.1840958605664488,0.006200740869491177
2025-03-24,BANKNIFTY,BANKNIFTY25MARFUT,2025-03-24 10:15:56,2025-03-24 10:20:56,1,51396.8515625,51430.0,28.1484375,time_exit,300.0,0.6889545622460288,0.17205957883923986,0.0042018614934180645
2025-03-24,BANKNIFTY,BANKNIFTY25MARFUT,2025-03-24 10:38:55,2025-03-24 10:43:55,1,51601.8984375,51590.0,-16.8984375,time_exit,300.0,0.6811279826464208,0.16234652114597545,0.002795474814635671
2025-03-24,BANKNIFTY,BANKNIFTY25MARFUT,2025-03-24 14:39:05,2025-03-24 14:40:59,1,51809.3984375,51745.0,-69.3984375,stop_loss,114.0,0.6878612716763006,0.3961708394698085,0.003057885485561661
2025-03-26,BANKNIFTY,BANKNIFTY25MARFUT,2025-03-26 10:35:44,2025-03-26 10:37:37,1,51939.1484375,51884.05078125,-60.09765625,stop_loss,113.0,0.7049701789264413,0.32195121951219513,0.004522828239374304
2025-03-26,BANKNIFTY,BANKNIFTY25MARFUT,2025-03-26 10:38:37,2025-03-26 10:39:48,1,51890.30078125,51840.0,-55.30078125,stop_loss,71.0,0.6864535768645358,0.2847109670448406,0.004904534677217867
2025-03-26,BANKNIFTY,BANKNIFTY25MARFUT,2025-03-26 12:52:39,2025-03-26 12:54:14,1,51540.0,51522.19921875,-22.80078125,ofi_reversal,95.0,0.6931048226385014,0.15672676837725383,0.007799446536580433
2025-03-26,BANKNIFTY,BANKNIFTY25MARFUT,2025-03-26 12:55:17,2025-03-26 12:57:08,1,51522.1015625,51509.5,-17.6015625,ofi_reversal,111.0,0.6925540432345877,0.24457308248914617,0.01002406342621754
2025-03-27,BANKNIFTY,BANKNIFTY25MARFUT,2025-03-27 15:01:21,2025-03-27 15:05:19,1,51665.8984375,51615.0,-55.8984375,stop_loss,238.0,0.7079252003561888,0.15267605633802817,0.005419164199997364
2025-03-28,BANKNIFTY,BANKNIFTY25APRFUT,2025-03-28 09:39:20,2025-03-28 09:44:20,1,51801.55078125,51765.0,-41.55078125,time_exit,300.0,0.7028112449799196,0.16361256544502617,0.005925819774403102
2025-03-28,BANKNIFTY,BANKNIFTY25APRFUT,2025-03-28 14:44:42,2025-03-28 14:49:42,1,51989.0,51968.5,-25.5,time_exit,300.0,0.6805390408244154,0.48514851485148514,0.002078388531743421
2025-03-28,BANKNIFTY,BANKNIFTY25APRFUT,2025-03-28 14:50:46,2025-03-28 14:55:46,1,51999.75,51960.0,-44.75,time_exit,300.0,0.7111913357400722,0.1688073394495413,0.004523458882705901
2025-04-01,BANKNIFTY,BANKNIFTY25APRFUT,2025-04-01 13:05:20,2025-04-01 13:10:25,1,51117.6484375,51138.44921875,15.80078125,time_exit,305.0,0.702778896496174,0.16265640038498555,0.003884531477135338
2025-04-02,BANKNIFTY,BANKNIFTY25APRFUT,2025-04-02 09:33:37,2025-04-02 09:36:49,1,51474.75,51422.25,-57.5,stop_loss,192.0,0.694017094017094,0.15799803729146222,0.00719508963793511
2025-04-02,BANKNIFTY,BANKNIFTY25APRFUT,2025-04-02 11:02:54,2025-04-02 11:04:07,1,51525.19921875,51475.0,-55.19921875,stop_loss,73.0,0.6905582356995176,0.30787589498806683,0.003519879864036511
2025-04-02,BANKNIFTY,BANKNIFTY25APRFUT,2025-04-02 15:02:28,2025-04-02 15:07:28,1,51550.0,51582.8984375,27.8984375,time_exit,300.0,0.704669751787968,0.17462803445575567,0.0023775452568484887
2025-04-03,BANKNIFTY,BANKNIFTY25APRFUT,2025-04-03 09:34:33,2025-04-03 09:39:33,1,51531.0,51555.0,19.0,time_exit,300.0,0.7208480565371025,0.1534944480731548,0.00542500148438924
2025-04-03,BANKNIFTY,BANKNIFTY25APRFUT,2025-04-03 13:41:09,2025-04-03 13:46:09,1,51800.0,51800.0,-5.0,time_exit,300.0,0.7490445859872611,0.5917958979489745,0.0005371704583610254
2025-04-03,BANKNIFTY,BANKNIFTY25APRFUT,2025-04-03 13:47:09,2025-04-03 13:52:10,1,51824.8984375,51840.6015625,10.703125,time_exit,301.0,0.7143780290791599,0.2162485065710872,0.004578333343789029
2025-04-04,BANKNIFTY,BANKNIFTY25APRFUT,2025-04-04 09:36:24,2025-04-04 09:41:24,1,51930.05078125,51968.19921875,33.1484375,time_exit,300.0,0.771127918447879,0.20534629404617255,0.005053481597468377
2025-04-07,BANKNIFTY,BANKNIFTY25APRFUT,2025-04-07 09:43:45,2025-04-07 09:47:11,1,50171.44921875,50112.05078125,-64.3984375,stop_loss,206.0,0.8369022127052106,0.17753975981824083,0.0012052771544520944
2025-04-07,BANKNIFTY,BANKNIFTY25APRFUT,2025-04-07 10:13:40,2025-04-07 10:14:54,1,49964.0,49913.25,-55.75,stop_loss,74.0,0.8545135845749343,0.662953995157385,0.0002015583427913097
2025-04-07,BANKNIFTY,BANKNIFTY25APRFUT,2025-04-07 10:51:32,2025-04-07 10:54:10,1,50230.0,50179.94921875,-55.05078125,stop_loss,158.0,0.6808326105810928,0.4799658994032396,0.008792429487553835
2025-04-09,BANKNIFTY,BANKNIFTY25APRFUT,2025-04-09 11:15:38,2025-04-09 11:20:40,1,50089.8984375,50138.0,43.1015625,time_exit,302.0,0.691800878477306,0.21107692307692308,0.002618220950230002
2025-04-09,BANKNIFTY,BANKNIFTY25APRFUT,2025-04-09 12:38:09,2025-04-09 12:43:10,1,50392.8515625,50424.55078125,26.69921875,time_exit,301.0,0.6872074882995319,0.15738831615120275,0.004717852794683525
2025-04-09,BANKNIFTY,BANKNIFTY25APRFUT,2025-04-09 12:44:58,2025-04-09 12:49:59,1,50438.0,50433.6015625,-9.3984375,time_exit,301.0,0.6805184902783072,0.1539456662354463,0.007099542468018266
2025-04-11,BANKNIFTY,BANKNIFTY25APRFUT,2025-04-11 09:38:38,2025-04-11 09:43:38,1,51170.75,51160.0,-15.75,time_exit,300.0,0.6906528189910979,0.2802802802802803,0.0033788140077948775
2025-04-11,BANKNIFTY,BANKNIFTY25APRFUT,2025-04-11 11:39:17,2025-04-11 11:44:20,1,51270.0,51264.19921875,-10.80078125,time_exit,303.0,0.6859623733719248,0.22313084112149534,0.0020766556800425363
2025-04-16,BANKNIFTY,BANKNIFTY25APRFUT,2025-04-16 13:17:51,2025-04-16 13:22:38,1,52800.0,52750.0,-55.0,stop_loss,287.0,0.6904075751337999,0.46266666666666667,0.004370327209214674
2025-04-16,BANKNIFTY,BANKNIFTY25APRFUT,2025-04-16 14:00:09,2025-04-16 14:05:10,1,52971.6015625,53044.3984375,67.796875,time_exit,301.0,0.6803059273422563,0.327910523640061,0.004626329730438018
2025-04-21,BANKNIFTY,BANKNIFTY25APRFUT,2025-04-21 10:54:58,2025-04-21 10:59:59,1,55267.19921875,55279.19921875,7.0,time_exit,301.0,0.6800886590321389,0.4053639846743295,0.002902103551998738
2025-04-25,BANKNIFTY,BANKNIFTY25MAYFUT,2025-04-25 09:30:21,2025-04-25 09:30:40,1,55257.0,55205.0,-57.0,stop_loss,19.0,0.6918189038919778,0.29692404268675454,0.004970397907359784
2025-04-25,BANKNIFTY,BANKNIFTY25MAYFUT,2025-04-25 10:06:38,2025-04-25 10:11:38,1,54770.0,54898.19921875,123.19921875,time_exit,300.0,0.7047506870828426,0.16457960644007155,0.0053645139700824645
2025-04-25,BANKNIFTY,BANKNIFTY25MAYFUT,2025-04-25 10:16:59,2025-04-25 10:22:00,1,54799.19921875,54844.80078125,40.6015625,time_exit,301.0,0.7458015267175573,0.15553677092138632,0.005344975773259108
2025-04-25,BANKNIFTY,BANKNIFTY25MAYFUT,2025-04-25 10:23:29,2025-04-25 10:25:37,1,54913.6015625,54856.3984375,-62.203125,stop_loss,128.0,0.6859437751004016,0.3607552258934592,0.004947823501420378
2025-04-25,BANKNIFTY,BANKNIFTY25MAYFUT,2025-04-25 13:52:17,2025-04-25 13:52:48,1,55008.0,54950.0,-63.0,stop_loss,31.0,0.6844444444444444,0.1791907514450867,0.004198854653615515
2025-04-28,BANKNIFTY,BANKNIFTY25MAYFUT,2025-04-28 09:30:56,2025-04-28 09:35:56,1,55349.80078125,55400.0,45.19921875,time_exit,300.0,0.68875587858059,0.15254237288135594,0.005640621401059603
2025-04-28,BANKNIFTY,BANKNIFTY25MAYFUT,2025-04-28 11:51:00,2025-04-28 11:56:00,1,55575.0,55585.3984375,5.3984375,time_exit,300.0,0.7776722090261282,0.7561825148032044,0.0006248489410244944
2025-04-29,BANKNIFTY,BANKNIFTY25MAYFUT,2025-04-29 10:50:00,2025-04-29 10:52:33,1,55695.0,55645.0,-55.0,stop_loss,153.0,0.6945088940448569,0.4725787631271879,0.0030297752995492146
2025-04-29,BANKNIFTY,BANKNIFTY25MAYFUT,2025-04-29 10:53:33,2025-04-29 10:58:37,1,55630.0,55629.3984375,-5.6015625,time_exit,304.0,0.6947496947496947,0.275,0.009767272087886586
2025-04-30,BANKNIFTY,BANKNIFTY25MAYFUT,2025-04-30 09:35:01,2025-04-30 09:35:31,1,55427.6015625,55375.0,-57.6015625,stop_loss,30.0,0.7218710493046776,0.4872611464968153,0.00839484492736786
2025-04-30,BANKNIFTY,BANKNIFTY25MAYFUT,2025-04-30 09:48:30,2025-04-30 09:53:30,1,55560.0,55585.0,20.0,time_exit,300.0,0.6991942703670546,0.19722497522299307,0.012222435047877785
2025-05-02,BANKNIFTY,BANKNIFTY25MAYFUT,2025-05-02 09:30:00,2025-05-02 09:32:52,1,55838.0,55771.0,-72.0,stop_loss,172.0,0.7090119435396308,0.19085555940422583,0.0039641167173409845
2025-05-02,BANKNIFTY,BANKNIFTY25MAYFUT,2025-05-02 12:48:00,2025-05-02 12:49:17,1,55280.0,55225.0,-60.0,stop_loss,77.0,0.6970172684458399,0.17682926829268292,0.005615930597692613
2025-05-02,BANKNIFTY,BANKNIFTY25MAYFUT,2025-05-02 13:36:29,2025-05-02 13:41:29,1,55380.19921875,55421.6015625,36.40234375,time_exit,300.0,0.6820975010241704,0.33447390932420873,0.006234469276557882
2025-05-06,BANKNIFTY,BANKNIFTY25MAYFUT,2025-05-06 09:35:10,2025-05-06 09:36:51,1,54940.19921875,54890.0,-55.19921875,stop_loss,101.0,0.6899545266639107,0.3348181143281366,0.005881549708021977
2025-05-06,BANKNIFTY,BANKNIFTY25MAYFUT,2025-05-06 15:02:12,2025-05-06 15:04:12,1,54452.80078125,54402.6015625,-55.19921875,stop_loss,120.0,0.6817346563763322,0.24018629407850964,0.0024843199491477153
2025-05-07,BANKNIFTY,BANKNIFTY25MAYFUT,2025-05-07 11:47:44,2025-05-07 11:52:45,1,54490.0,54450.0,-45.0,time_exit,301.0,0.7055383556931545,0.15233415233415235,0.0026470815931746946
2025-05-09,BANKNIFTY,BANKNIFTY25MAYFUT,2025-05-09 11:32:57,2025-05-09 11:33:19,1,54006.6015625,53954.3984375,-57.203125,stop_loss,22.0,0.7162405473532589,0.48827642945290006,0.0059022820457910324
2025-05-09,BANKNIFTY,BANKNIFTY25MAYFUT,2025-05-09 11:34:21,2025-05-09 11:39:22,1,53925.6015625,53916.6015625,-14.0,time_exit,301.0,0.7032076136764187,0.2638743455497382,0.006298812471171379
2025-05-12,BANKNIFTY,BANKNIFTY25MAYFUT,2025-05-12 09:33:51,2025-05-12 09:38:52,1,55250.19921875,55208.0,-47.19921875,time_exit,301.0,0.767260940032415,0.3024035774175517,0.0034163434912908674
2025-05-12,BANKNIFTY,BANKNIFTY25MAYFUT,2025-05-12 10:00:28,2025-05-12 10:05:29,1,55350.0,55334.0,-21.0,time_exit,301.0,0.762843295638126,0.3834788448623237,0.003842694587251375
2025-05-12,BANKNIFTY,BANKNIFTY25MAYFUT,2025-05-12 11:12:46,2025-05-12 11:17:51,1,55481.0,55468.0,-18.0,time_exit,305.0,0.6817248459958932,0.17263843648208468,0.0026869575639969787
2025-05-13,BANKNIFTY,BANKNIFTY25MAYFUT,2025-05-13 09:54:00,2025-05-13 09:59:05,1,55284.6015625,55272.80078125,-16.80078125,time_exit,305.0,0.6812525090325171,0.17383512544802868,0.006103526501034911
2025-05-13,BANKNIFTY,BANKNIFTY25MAYFUT,2025-05-13 15:07:40,2025-05-13 15:12:40,1,55109.80078125,55074.0,-40.80078125,time_exit,300.0,0.7156527682843472,0.20665742024965325,0.0007724341187454004
2025-05-15,BANKNIFTY,BANKNIFTY25MAYFUT,2025-05-15 10:41:38,2025-05-15 10:45:03,1,55012.19921875,54961.0,-56.19921875,stop_loss,205.0,0.7638244737780949,0.30605226960110044,0.0055879120435991065
2025-05-15,BANKNIFTY,BANKNIFTY25MAYFUT,2025-05-15 13:09:10,2025-05-15 13:09:40,1,55070.80078125,55008.19921875,-67.6015625,stop_loss,30.0,0.6867469879518072,0.49477071600965405,0.011788426275296578
2025-05-15,BANKNIFTY,BANKNIFTY25MAYFUT,2025-05-15 13:15:27,2025-05-15 13:15:51,1,55211.6015625,55156.3984375,-60.203125,stop_loss,24.0,0.729003359462486,0.43304007820136853,0.004438104189822829
2025-05-15,BANKNIFTY,BANKNIFTY25MAYFUT,2025-05-15 13:16:51,2025-05-15 13:21:51,1,55107.3984375,55127.6015625,15.203125,time_exit,300.0,0.6964215493511601,0.16643225503984999,0.006115260215277288
2025-05-15,BANKNIFTY,BANKNIFTY25MAYFUT,2025-05-15 13:31:32,2025-05-15 13:35:37,1,55279.0,55227.19921875,-56.80078125,stop_loss,245.0,0.7099352874000762,0.4812889812889813,0.0035855215018421854
2025-05-19,BANKNIFTY,BANKNIFTY25MAYFUT,2025-05-19 10:25:09,2025-05-19 10:25:53,1,55695.80078125,55645.0,-55.80078125,stop_loss,44.0,0.681510509440684,0.48441926345609065,0.005743861992311979
2025-05-19,BANKNIFTY,BANKNIFTY25MAYFUT,2025-05-19 10:26:54,2025-05-19 10:31:56,1,55633.80078125,55676.80078125,38.0,time_exit,302.0,0.7035843737414418,0.3708609271523179,0.006861401214742528
2025-05-21,BANKNIFTY,BANKNIFTY25MAYFUT,2025-05-21 10:15:04,2025-05-21 10:20:05,1,55388.80078125,55400.0,6.19921875,time_exit,301.0,0.6882890727035264,0.3341645885286783,0.0065968845100039765
2025-05-21,BANKNIFTY,BANKNIFTY25MAYFUT,2025-05-21 12:20:10,2025-05-21 12:21:40,1,54870.0,54970.80078125,95.80078125,ofi_reversal,90.0,0.7045001991238551,0.20820385332504662,0.006235204579416423
2025-05-23,BANKNIFTY,BANKNIFTY25MAYFUT,2025-05-23 09:44:56,2025-05-23 09:49:56,1,55255.6015625,55253.6015625,-7.0,time_exit,300.0,0.7311032486330009,0.3656684943061999,0.0022676059657985984
2025-05-23,BANKNIFTY,BANKNIFTY25MAYFUT,2025-05-23 10:50:02,2025-05-23 10:55:03,1,55364.80078125,55368.3984375,-1.40234375,time_exit,301.0,0.7558756633813495,0.682716049382716,0.002775403192417187
2025-05-23,BANKNIFTY,BANKNIFTY25MAYFUT,2025-05-23 11:32:21,2025-05-23 11:32:54,1,55535.6015625,55483.19921875,-57.40234375,stop_loss,33.0,0.7127031019202363,0.43462897526501765,0.0038834192146945386
2025-05-23,BANKNIFTY,BANKNIFTY25MAYFUT,2025-05-23 11:33:59,2025-05-23 11:36:54,1,55505.0,55450.19921875,-59.80078125,stop_loss,175.0,0.7062668204536716,0.2956964368347987,0.0040525631795326755
2025-05-27,BANKNIFTY,BANKNIFTY25MAYFUT,2025-05-27 09:33:43,2025-05-27 09:38:43,1,55275.0,55320.0,40.0,time_exit,300.0,0.7046979865771812,0.16502605674580198,0.005688272646632305
2025-05-27,BANKNIFTY,BANKNIFTY25MAYFUT,2025-05-27 10:09:15,2025-05-27 10:10:45,1,55242.3984375,55231.19921875,-16.19921875,ofi_reversal,90.0,0.7774131802023516,0.15532994923857868,0.009465733696152905
2025-05-27,BANKNIFTY,BANKNIFTY25MAYFUT,2025-05-27 11:06:39,2025-05-27 11:06:51,1,55422.6015625,55371.3984375,-56.203125,stop_loss,12.0,0.8193869096934548,0.34156378600823045,0.007359708823077794
2025-05-27,BANKNIFTY,BANKNIFTY25MAYFUT,2025-05-27 11:09:56,2025-05-27 11:14:56,1,55368.3984375,55417.80078125,44.40234375,time_exit,300.0,0.7570381797146163,0.3995649021029732,0.0040743385475940745
2025-05-27,BANKNIFTY,BANKNIFTY25MAYFUT,2025-05-27 11:19:18,2025-05-27 11:21:26,1,55613.19921875,55560.0,-58.19921875,stop_loss,128.0,0.6817082997582594,0.19626168224299065,0.007077174831883451
2025-05-27,BANKNIFTY,BANKNIFTY25MAYFUT,2025-05-27 11:27:18,2025-05-27 11:27:57,1,55800.3984375,55746.19921875,-59.19921875,stop_loss,39.0,0.7419607843137255,0.43615005683971203,0.007168057855411951
2025-05-29,BANKNIFTY,BANKNIFTY25MAYFUT,2025-05-29 15:04:02,2025-05-29 15:09:02,1,55402.0,55497.0,90.0,time_exit,300.0,0.6833477135461605,0.5389369592088998,0.004891587870034685
2025-05-30,BANKNIFTY,BANKNIFTY25JUNFUT,2025-05-30 13:28:52,2025-05-30 13:33:52,1,56027.19921875,56042.0,9.80078125,time_exit,300.0,0.7383863080684596,0.7139498432601881,0.00228280348757117
2025-05-30,BANKNIFTY,BANKNIFTY25JUNFUT,2025-05-30 14:32:15,2025-05-30 14:34:36,1,56140.19921875,56090.0,-55.19921875,stop_loss,141.0,0.700162074554295,0.465625,0.00292183059436775
2025-06-02,BANKNIFTY,BANKNIFTY25JUNFUT,2025-06-02 15:02:32,2025-06-02 15:07:32,1,56183.3984375,56160.80078125,-27.59765625,time_exit,300.0,0.7399821905609973,0.44139650872817954,0.0029958430415102134
2025-06-05,BANKNIFTY,BANKNIFTY25JUNFUT,2025-06-05 12:05:56,2025-06-05 12:10:56,1,56121.80078125,56144.3984375,17.59765625,time_exit,300.0,0.7224584460765365,0.5229357798165137,0.002042341512876857
2025-06-05,BANKNIFTY,BANKNIFTY25JUNFUT,2025-06-05 12:12:22,2025-06-05 12:17:23,1,56160.80078125,56198.80078125,33.0,time_exit,301.0,0.6823161189358372,0.5265241488519399,0.0030522630870601078
2025-06-06,BANKNIFTY,BANKNIFTY25JUNFUT,2025-06-06 10:06:00,2025-06-06 10:11:00,1,55958.3984375,56059.80078125,96.40234375,time_exit,300.0,0.7697349672271302,0.15348158950054686,0.003703962198838301
2025-06-06,BANKNIFTY,BANKNIFTY25JUNFUT,2025-06-06 10:23:15,2025-06-06 10:23:23,1,56085.80078125,56019.0,-71.80078125,stop_loss,8.0,0.739867354458364,0.15961904761904763,0.0076828703955880455
2025-06-06,BANKNIFTY,BANKNIFTY25JUNFUT,2025-06-06 10:29:31,2025-06-06 10:34:31,1,56245.0,56417.6015625,167.6015625,time_exit,300.0,0.7635761589403973,0.25784025953962614,0.0019919145524613957
2025-06-06,BANKNIFTY,BANKNIFTY25JUNFUT,2025-06-06 10:41:52,2025-06-06 10:46:52,1,56624.19921875,56648.3984375,19.19921875,time_exit,300.0,0.7231316725978648,0.171409662475182,0.0024853940044492285
2025-06-11,BANKNIFTY,BANKNIFTY25JUNFUT,2025-06-11 10:45:44,2025-06-11 10:50:44,1,56877.3984375,56850.19921875,-32.19921875,time_exit,300.0,0.6846066992849078,0.5151515151515151,0.00271619208483088
2025-06-12,BANKNIFTY,BANKNIFTY25JUNFUT,2025-06-12 13:32:13,2025-06-12 13:34:12,1,56380.19921875,56328.0,-57.19921875,stop_loss,119.0,0.6998420221169036,0.18753092528451262,0.0014716991826652964
2025-06-20,BANKNIFTY,BANKNIFTY25JUNFUT,2025-06-20 10:20:23,2025-06-20 10:25:23,1,55961.0,55984.3984375,18.3984375,time_exit,300.0,0.6806777451938743,0.18218623481781376,0.0016480064330467866
2025-06-20,BANKNIFTY,BANKNIFTY25JUNFUT,2025-06-20 10:33:12,2025-06-20 10:34:41,1,56221.3984375,56165.80078125,-60.59765625,stop_loss,89.0,0.7719250610915015,0.3656565656565657,0.0017643754104616142
2025-06-23,BANKNIFTY,BANKNIFTY25JUNFUT,2025-06-23 13:29:32,2025-06-23 13:34:32,1,56200.19921875,56175.0,-30.19921875,time_exit,300.0,0.6864305610823717,0.2197891321978913,0.005161046190725923
2025-06-24,BANKNIFTY,BANKNIFTY25JUNFUT,2025-06-24 10:20:15,2025-06-24 10:20:47,1,56630.3984375,56580.19921875,-55.19921875,stop_loss,32.0,0.6854209445585215,0.15758176412289396,0.005378899288233493
2025-06-26,BANKNIFTY,BANKNIFTY25JUNFUT,2025-06-26 12:04:48,2025-06-26 12:09:36,1,57011.3984375,56958.3984375,-58.0,stop_loss,288.0,0.7233704292527822,0.34596871239470517,0.004738303100298053
2025-06-26,BANKNIFTY,BANKNIFTY25JUNFUT,2025-06-26 14:14:37,2025-06-26 14:19:37,1,57163.19921875,57208.6015625,40.40234375,time_exit,300.0,0.7041852905323039,0.1746987951807229,0.005469897533365484
2025-06-27,BANKNIFTY,BANKNIFTY25JULFUT,2025-06-27 10:17:59,2025-06-27 10:23:00,1,57420.0,57414.80078125,-10.19921875,time_exit,301.0,0.6912521440823327,0.46851385390428213,0.003942553440662102
2025-07-01,BANKNIFTY,BANKNIFTY25JULFUT,2025-07-01 10:23:55,2025-07-01 10:28:57,1,57423.3984375,57480.0,51.6015625,time_exit,302.0,0.746938775510204,0.15584415584415584,0.003481030934879873
2025-07-01,BANKNIFTY,BANKNIFTY25JULFUT,2025-07-01 10:29:57,2025-07-01 10:34:57,1,57480.0,57467.0,-18.0,time_exit,300.0,0.7042633567188343,0.30996309963099633,0.004053300829567146
2025-07-04,BANKNIFTY,BANKNIFTY25JULFUT,2025-07-04 14:46:04,2025-07-04 14:47:20,1,57320.80078125,57270.19921875,-55.6015625,stop_loss,76.0,0.7208659603869185,0.2968036529680365,0.005689090853767183
2025-07-07,BANKNIFTY,BANKNIFTY25JULFUT,2025-07-07 10:59:38,2025-07-07 11:04:39,1,57360.19921875,57345.3984375,-19.80078125,time_exit,301.0,0.6816816816816816,0.6136595310907238,0.0020853693069903716
2025-07-08,BANKNIFTY,BANKNIFTY25JULFUT,2025-07-08 09:49:25,2025-07-08 09:54:25,1,57433.19921875,57405.0,-33.19921875,time_exit,300.0,0.7005625270445694,0.2833230006199628,0.0028057667144857136
2025-07-08,BANKNIFTY,BANKNIFTY25JULFUT,2025-07-08 15:03:25,2025-07-08 15:08:26,1,57440.0,57450.0,5.0,time_exit,301.0,0.6987295825771325,0.7691745799853908,0.0021138930725440506
2025-07-08,BANKNIFTY,BANKNIFTY25JULFUT,2025-07-08 15:09:26,2025-07-08 15:14:32,1,57470.0,57465.0,-10.0,time_exit,306.0,0.6961038961038961,0.42323651452282157,0.0030500029917348054
2025-07-15,BANKNIFTY,BANKNIFTY25JULFUT,2025-07-15 10:15:07,2025-07-15 10:20:08,1,57241.19921875,57216.0,-30.19921875,time_exit,301.0,0.7282688093498905,0.24184476940382452,0.003155456807037811
2025-07-18,BANKNIFTY,BANKNIFTY25JULFUT,2025-07-18 10:20:38,2025-07-18 10:25:38,1,56464.0,56519.6015625,50.6015625,time_exit,300.0,0.7177726926010679,0.1504424778761062,0.002068070809078959
2025-07-21,BANKNIFTY,BANKNIFTY25JULFUT,2025-07-21 09:59:23,2025-07-21 10:04:23,1,56760.0,56745.0,-20.0,time_exit,300.0,0.7005649717514124,0.41053630754627435,0.0017801904108305552
2025-07-21,BANKNIFTY,BANKNIFTY25JULFUT,2025-07-21 10:11:27,2025-07-21 10:14:01,1,56823.0,56773.0,-55.0,stop_loss,154.0,0.7559663865546219,0.21920991479473276,0.0017957867098845625
2025-07-21,BANKNIFTY,BANKNIFTY25JULFUT,2025-07-21 10:15:01,2025-07-21 10:20:02,1,56790.80078125,56769.19921875,-26.6015625,time_exit,301.0,0.7081125152874032,0.38049143708116157,0.0064793636913795345
2025-07-23,BANKNIFTY,BANKNIFTY25JULFUT,2025-07-23 12:08:10,2025-07-23 12:13:10,1,56987.0,56986.0,-6.0,time_exit,300.0,0.7276595744680852,0.5155925155925156,0.0007784538713579333
2025-07-23,BANKNIFTY,BANKNIFTY25JULFUT,2025-07-23 12:16:06,2025-07-23 12:21:06,1,57034.6015625,57065.0,25.3984375,time_exit,300.0,0.768177028451001,0.150997150997151,0.0009878157402687826
2025-07-23,BANKNIFTY,BANKNIFTY25JULFUT,2025-07-23 12:22:06,2025-07-23 12:27:08,1,57065.0,57075.19921875,5.19921875,time_exit,302.0,0.7171974522292993,0.44064386317907445,0.004772157662955853
2025-07-23,BANKNIFTY,BANKNIFTY25JULFUT,2025-07-23 13:54:50,2025-07-23 13:59:50,1,57207.0,57215.80078125,3.80078125,time_exit,300.0,0.6930792377131394,0.5029821073558648,0.004213292485054171
2025-07-23,BANKNIFTY,BANKNIFTY25JULFUT,2025-07-23 14:01:11,2025-07-23 14:06:15,1,57215.0,57196.6015625,-23.3984375,time_exit,304.0,0.720540288775035,0.17512953367875647,0.0023046784378703304
2025-07-23,BANKNIFTY,BANKNIFTY25JULFUT,2025-07-23 14:14:59,2025-07-23 14:20:06,1,57237.19921875,57229.0,-13.19921875,time_exit,307.0,0.6809815950920245,0.3788235294117647,0.005376515326603575
2025-07-24,BANKNIFTY,BANKNIFTY25JULFUT,2025-07-24 14:08:57,2025-07-24 14:14:06,1,57153.19921875,57153.19921875,-5.0,time_exit,309.0,0.6804338756779308,0.1981242672919109,0.0047985068270101055
2025-07-24,BANKNIFTY,BANKNIFTY25JULFUT,2025-07-24 14:17:03,2025-07-24 14:22:05,1,57170.80078125,57149.19921875,-26.6015625,time_exit,302.0,0.6832460732984293,0.3995381062355658,0.004384044229405644
2025-07-24,BANKNIFTY,BANKNIFTY25JULFUT,2025-07-24 14:23:21,2025-07-24 14:28:25,1,57130.19921875,57120.19921875,-15.0,time_exit,304.0,0.6938685487428319,0.29086538461538464,0.0045385349496904264
2025-07-31,BANKNIFTY,BANKNIFTY25JULFUT,2025-07-31 10:45:45,2025-07-31 10:50:45,1,55605.19921875,55690.0,79.80078125,time_exit,300.0,0.6950904392764858,0.33549222797927464,0.0005898537166753971
2025-07-31,BANKNIFTY,BANKNIFTY25JULFUT,2025-07-31 10:53:44,2025-07-31 10:58:45,1,55670.80078125,55635.3984375,-40.40234375,time_exit,301.0,0.8581788879935536,0.3288020390824129,0.0015233650470526602
2025-07-31,BANKNIFTY,BANKNIFTY25JULFUT,2025-07-31 11:02:49,2025-07-31 11:07:49,1,55759.80078125,55842.19921875,77.3984375,time_exit,300.0,0.710174717368962,0.1631321370309951,0.004547962424508439
2025-07-31,BANKNIFTY,BANKNIFTY25JULFUT,2025-07-31 11:08:51,2025-07-31 11:12:49,1,55837.6015625,55784.3984375,-58.203125,stop_loss,238.0,0.7394997640396413,0.5722772277227722,0.007099556226906195
2025-07-31,BANKNIFTY,BANKNIFTY25JULFUT,2025-07-31 11:13:52,2025-07-31 11:18:53,1,55799.3984375,55777.19921875,-27.19921875,time_exit,301.0,0.7195641875888205,0.3763440860215054,0.007919018120080964
2025-08-01,BANKNIFTY,BANKNIFTY25AUGFUT,2025-08-01 10:30:41,2025-08-01 10:35:42,1,56217.6015625,56240.0,17.3984375,time_exit,301.0,0.680921052631579,0.41237113402061853,0.0031514628051467104
2025-08-05,BANKNIFTY,BANKNIFTY25AUGFUT,2025-08-05 13:29:53,2025-08-05 13:31:23,1,55492.6015625,55471.0,-26.6015625,ofi_reversal,90.0,0.7082828282828283,0.15249266862170088,0.0014570174788733935
2025-08-06,BANKNIFTY,BANKNIFTY25AUGFUT,2025-08-06 10:10:09,2025-08-06 10:11:40,1,55525.6015625,55499.0,-31.6015625,ofi_reversal,91.0,0.6813922356091031,0.1531791907514451,0.008151882346330212
2025-08-06,BANKNIFTY,BANKNIFTY25AUGFUT,2025-08-06 13:32:18,2025-08-06 13:37:18,1,55687.0,55709.0,17.0,time_exit,300.0,0.7092636579572447,0.35942492012779553,0.003466347882703884
2025-08-07,BANKNIFTY,BANKNIFTY25AUGFUT,2025-08-07 15:07:04,2025-08-07 15:12:04,1,55680.0,55737.19921875,52.19921875,time_exit,300.0,0.6876042245692051,0.27495621716287216,0.00799775893285272
2025-08-11,BANKNIFTY,BANKNIFTY25AUGFUT,2025-08-11 14:07:07,2025-08-11 14:12:07,1,55530.19921875,55510.0,-25.19921875,time_exit,300.0,0.7557251908396947,0.33500313087038197,0.0016154592005618415
2025-08-11,BANKNIFTY,BANKNIFTY25AUGFUT,2025-08-11 14:15:02,2025-08-11 14:20:07,1,55540.0,55520.0,-25.0,time_exit,305.0,0.685016754427956,0.1566265060240964,0.0032541384642183657
2025-08-12,BANKNIFTY,BANKNIFTY25AUGFUT,2025-08-12 14:25:07,2025-08-12 14:26:37,1,55342.0,55367.3984375,20.3984375,ofi_reversal,90.0,0.7829346661906462,0.15278783490224476,0.0017615278932543825
2025-08-14,BANKNIFTY,BANKNIFTY25AUGFUT,2025-08-14 09:44:27,2025-08-14 09:49:28,1,55559.80078125,55560.19921875,-4.6015625,time_exit,301.0,0.6808595304417031,0.5485148514851486,0.001144569460447129
2025-08-18,BANKNIFTY,BANKNIFTY25AUGFUT,2025-08-18 09:53:13,2025-08-18 09:55:44,1,56220.19921875,56170.0,-55.19921875,stop_loss,151.0,0.6884297520661157,0.2362982929020665,0.001996668797579146
2025-08-18,BANKNIFTY,BANKNIFTY25AUGFUT,2025-08-18 10:21:03,2025-08-18 10:22:43,1,56197.19921875,56140.0,-62.19921875,stop_loss,100.0,0.6812710640346654,0.5339547270306259,0.0025419723933364775
2025-08-19,BANKNIFTY,BANKNIFTY25AUGFUT,2025-08-19 11:42:15,2025-08-19 11:47:26,1,55945.0,55942.0,-8.0,time_exit,311.0,0.6885844748858447,0.15964523281596452,0.0012250533393649322
2025-08-19,BANKNIFTY,BANKNIFTY25AUGFUT,2025-08-19 11:58:11,2025-08-19 12:03:19,1,55970.0,55976.0,1.0,time_exit,308.0,0.684557438794727,0.15234375,0.011019723336856142
2025-08-21,BANKNIFTY,BANKNIFTY25AUGFUT,2025-08-21 10:04:33,2025-08-21 10:09:33,1,56049.3984375,56032.0,-22.3984375,time_exit,300.0,0.6866404715127702,0.35148514851485146,0.004530698596289103
2025-08-21,BANKNIFTY,BANKNIFTY25AUGFUT,2025-08-21 10:12:55,2025-08-21 10:17:57,1,56040.0,56050.0,5.0,time_exit,302.0,0.6966199505358615,0.2871287128712871,0.004042978582029936
2025-08-26,BANKNIFTY,BANKNIFTY25AUGFUT,2025-08-26 12:32:29,2025-08-26 12:37:29,1,54686.19921875,54665.0,-26.19921875,time_exit,300.0,0.6950959488272921,0.17094017094017094,0.003791949569864118
2025-08-28,BANKNIFTY,BANKNIFTY25AUGFUT,2025-08-28 09:40:52,2025-08-28 09:41:02,1,54195.6015625,54143.80078125,-56.80078125,stop_loss,10.0,0.6855287569573284,0.3893491124260355,0.0076999569212899315
2025-08-28,BANKNIFTY,BANKNIFTY25AUGFUT,2025-08-28 09:42:02,2025-08-28 09:42:59,1,54132.6015625,54071.3984375,-66.203125,stop_loss,57.0,0.6953703703703704,0.39270253555967843,0.008146552563475233
2025-09-01,BANKNIFTY,BANKNIFTY25SEPFUT,2025-09-01 09:33:13,2025-09-01 09:38:13,1,54313.80078125,54355.0,36.19921875,time_exit,300.0,0.6871564217891054,0.2,0.0037473829428440403
2025-09-03,BANKNIFTY,BANKNIFTY25SEPFUT,2025-09-03 15:09:10,2025-09-03 15:14:10,1,54370.3984375,54395.0,19.6015625,time_exit,300.0,0.7402912621359223,0.1923474663908997,0.001209222749811005
2025-09-05,BANKNIFTY,BANKNIFTY25SEPFUT,2025-09-05 10:27:23,2025-09-05 10:31:35,1,54133.3984375,54102.19921875,-36.19921875,ofi_reversal,252.0,0.7233009708737864,0.34951456310679613,0.006711104921333251
2025-09-05,BANKNIFTY,BANKNIFTY25SEPFUT,2025-09-05 13:59:11,2025-09-05 14:04:12,1,54355.3984375,54367.6015625,7.203125,time_exit,301.0,0.7503628447024674,0.40473225404732255,0.00257541050975643
2025-09-08,BANKNIFTY,BANKNIFTY25SEPFUT,2025-09-08 14:33:19,2025-09-08 14:38:21,1,54680.19921875,54761.0,75.80078125,time_exit,302.0,0.7874270900842515,0.7656178750569995,0.0003063082100140689
2025-09-08,BANKNIFTY,BANKNIFTY25SEPFUT,2025-09-08 14:39:21,2025-09-08 14:44:21,1,54763.19921875,54750.19921875,-18.0,time_exit,300.0,0.7177914110429447,0.24027072758037224,0.0030043237876613855
2025-09-10,BANKNIFTY,BANKNIFTY25SEPFUT,2025-09-10 10:26:22,2025-09-10 10:31:22,1,54882.0,54893.3984375,6.3984375,time_exit,300.0,0.6818980667838312,0.579388855602157,0.0011232133715134644
2025-09-10,BANKNIFTY,BANKNIFTY25SEPFUT,2025-09-10 10:32:22,2025-09-10 10:34:20,1,54935.0,54880.0,-60.0,stop_loss,118.0,0.7336244541484717,0.25510204081632654,0.004252420456059319
2025-09-10,BANKNIFTY,BANKNIFTY25SEPFUT,2025-09-10 10:35:21,2025-09-10 10:39:04,1,54899.0,54845.80078125,-58.19921875,stop_loss,223.0,0.7632617273125822,0.2361111111111111,0.004114272911721296
2025-09-16,BANKNIFTY,BANKNIFTY25SEPFUT,2025-09-16 09:54:06,2025-09-16 09:59:13,1,55242.0,55233.3984375,-13.6015625,time_exit,307.0,0.6840039254170756,0.33964049195837276,0.004078456006287365
2025-09-18,BANKNIFTY,BANKNIFTY25SEPFUT,2025-09-18 15:05:26,2025-09-18 15:10:26,1,55884.6015625,55893.19921875,3.59765625,time_exit,300.0,0.7400903161063723,0.6741214057507987,0.0012456259319685067
2025-09-19,BANKNIFTY,BANKNIFTY25SEPFUT,2025-09-19 10:50:23,2025-09-19 10:55:26,1,55616.19921875,55648.6015625,27.40234375,time_exit,303.0,0.7940904893813481,0.18258426966292135,0.002172770171975839
2025-09-19,BANKNIFTY,BANKNIFTY25SEPFUT,2025-09-19 10:58:31,2025-09-19 11:03:31,1,55626.3984375,55599.19921875,-32.19921875,time_exit,300.0,0.7814357567443987,0.15641476274165203,0.002881081359290055
2025-09-23,BANKNIFTY,BANKNIFTY25SEPFUT,2025-09-23 12:06:55,2025-09-23 12:11:55,1,55456.80078125,55455.0,-6.80078125,time_exit,300.0,0.681107099879663,0.24256651017214398,0.00978440267957292
2025-09-23,BANKNIFTY,BANKNIFTY25SEPFUT,2025-09-23 12:28:35,2025-09-23 12:33:36,1,55590.19921875,55650.0,54.80078125,time_exit,301.0,0.694732102656461,0.487248322147651,0.0012767093246324305
2025-09-24,BANKNIFTY,BANKNIFTY25SEPFUT,2025-09-24 09:35:56,2025-09-24 09:36:57,1,55474.0,55418.0,-61.0,stop_loss,61.0,0.7245742092457421,0.16228748068006182,0.005106233097566608
2025-09-24,BANKNIFTY,BANKNIFTY25SEPFUT,2025-09-24 09:38:00,2025-09-24 09:39:56,1,55449.19921875,55438.0,-16.19921875,ofi_reversal,116.0,0.6879361914257228,0.2976525821596244,0.004969273282069319
2025-10-01,BANKNIFTY,BANKNIFTY25OCTFUT,2025-10-01 10:32:18,2025-10-01 10:37:18,1,55235.0,55310.0,70.0,time_exit,300.0,0.6849852796859667,0.20067453625632378,0.011292315533804824
2025-10-01,BANKNIFTY,BANKNIFTY25OCTFUT,2025-10-01 10:38:19,2025-10-01 10:43:24,1,55290.0,55272.3984375,-22.6015625,time_exit,305.0,0.7274892806098142,0.4235222425350396,0.002177392155878948
2025-10-01,BANKNIFTY,BANKNIFTY25OCTFUT,2025-10-01 14:10:41,2025-10-01 14:15:42,1,55667.80078125,55631.19921875,-41.6015625,time_exit,301.0,0.6862255513940907,0.47113328581610836,0.0011475970681026114
2025-10-07,BANKNIFTY,BANKNIFTY25OCTFUT,2025-10-07 09:47:39,2025-10-07 09:52:40,1,56499.19921875,56520.0,15.80078125,time_exit,301.0,0.689010989010989,0.17080745341614906,0.009512479106719707
2025-10-10,BANKNIFTY,BANKNIFTY25OCTFUT,2025-10-10 09:47:46,2025-10-10 09:52:02,1,56766.0,56712.19921875,-58.80078125,stop_loss,256.0,0.6920322291853178,0.5063520871143375,0.001295810479135687
2025-10-10,BANKNIFTY,BANKNIFTY25OCTFUT,2025-10-10 15:02:42,2025-10-10 15:07:42,1,56864.19921875,56828.80078125,-40.3984375,time_exit,300.0,0.6825766395032984,0.3242909987669544,0.0015263190615392268
2025-10-10,BANKNIFTY,BANKNIFTY25OCTFUT,2025-10-10 15:10:31,2025-10-10 15:15:00,1,56811.0,56859.0,43.0,eod_close,269.0,0.7132743362831858,0.1504424778761062,0.004751855571865434
2025-10-14,BANKNIFTY,BANKNIFTY25OCTFUT,2025-10-14 14:35:28,2025-10-14 14:40:30,1,56723.0,56730.19921875,2.19921875,time_exit,302.0,0.6891098056936286,0.34995014955134596,0.00487119954470847
2025-10-15,BANKNIFTY,BANKNIFTY25OCTFUT,2025-10-15 10:22:52,2025-10-15 10:27:52,1,56975.0,56987.3984375,7.3984375,time_exit,300.0,0.684307409111827,0.3587962962962963,0.0023159230953966933
2025-10-15,BANKNIFTY,BANKNIFTY25OCTFUT,2025-10-15 10:37:37,2025-10-15 10:42:38,1,57017.6015625,56999.6015625,-23.0,time_exit,301.0,0.7139152981849611,0.4191033138401559,0.004612231230810279
2025-10-16,BANKNIFTY,BANKNIFTY25OCTFUT,2025-10-16 14:08:12,2025-10-16 14:13:13,1,57579.80078125,57547.0,-37.80078125,time_exit,301.0,0.7615834457939721,0.6605908233815211,0.0013620889185026093
2025-10-16,BANKNIFTY,BANKNIFTY25OCTFUT,2025-10-16 14:14:14,2025-10-16 14:17:28,1,57557.0,57505.80078125,-56.19921875,stop_loss,194.0,0.7450549450549451,0.21040189125295508,0.0015835459990735624
2025-10-17,BANKNIFTY,BANKNIFTY25OCTFUT,2025-10-17 14:01:34,2025-10-17 14:06:35,1,57520.0,57534.80078125,9.80078125,time_exit,301.0,0.7322834645669292,0.27712264150943394,0.0025622310468956036
2025-10-17,BANKNIFTY,BANKNIFTY25OCTFUT,2025-10-17 14:07:36,2025-10-17 14:12:37,1,57591.80078125,57643.0,46.19921875,time_exit,301.0,0.7278008298755186,0.27485380116959063,0.0025037639334906893
2025-10-17,BANKNIFTY,BANKNIFTY25OCTFUT,2025-10-17 14:13:37,2025-10-17 14:15:47,1,57650.0,57597.0,-58.0,stop_loss,130.0,0.7301387137452712,0.3968871595330739,0.00642988993622512
2025-10-20,BANKNIFTY,BANKNIFTY25OCTFUT,2025-10-20 09:36:47,2025-10-20 09:37:17,1,58135.3984375,58083.3984375,-57.0,stop_loss,30.0,0.6848290598290598,0.3477832512315271,0.005494978439029802
2025-10-20,BANKNIFTY,BANKNIFTY25OCTFUT,2025-10-20 09:55:12,2025-10-20 10:00:12,1,57918.0,57934.3984375,11.3984375,time_exit,300.0,0.6964448495897904,0.22693266832917705,0.007651514518785199
2025-10-23,BANKNIFTY,BANKNIFTY25OCTFUT,2025-10-23 15:04:36,2025-10-23 15:08:43,1,58242.6015625,58190.0,-57.6015625,stop_loss,247.0,0.6988188976377953,0.17167381974248927,0.004008295902658577
2025-10-24,BANKNIFTY,BANKNIFTY25OCTFUT,2025-10-24 10:13:12,2025-10-24 10:17:48,1,57974.19921875,57917.0,-62.19921875,stop_loss,276.0,0.6884765625,0.34151329243353784,0.002600744465154362
2025-10-24,BANKNIFTY,BANKNIFTY25OCTFUT,2025-10-24 14:17:39,2025-10-24 14:22:40,1,57646.3984375,57629.6015625,-21.796875,time_exit,301.0,0.6982520699172033,0.1650853889943074,0.0023721282554034916
2025-10-27,BANKNIFTY,BANKNIFTY25OCTFUT,2025-10-27 10:09:42,2025-10-27 10:14:44,1,58123.19921875,58137.0,8.80078125,time_exit,302.0,0.6961640714014432,0.5212765957446809,0.0008229626916149043
2025-10-27,BANKNIFTY,BANKNIFTY25OCTFUT,2025-10-27 10:16:41,2025-10-27 10:21:43,1,58169.0,58198.0,24.0,time_exit,302.0,0.7246963562753036,0.17222222222222222,0.0008759299632360933
2025-10-28,BANKNIFTY,BANKNIFTY25OCTFUT,2025-10-28 11:46:28,2025-10-28 11:51:33,1,57882.6015625,57961.19921875,73.59765625,time_exit,305.0,0.7083555082490687,0.15835777126099707,0.004957886237387076
2025-10-28,BANKNIFTY,BANKNIFTY25OCTFUT,2025-10-28 11:53:00,2025-10-28 11:54:32,1,57955.0,57905.0,-55.0,stop_loss,92.0,0.6807670614777214,0.2290909090909091,0.009281225969130663
2025-10-28,BANKNIFTY,BANKNIFTY25OCTFUT,2025-10-28 14:02:21,2025-10-28 14:06:24,1,58095.6015625,58040.0,-60.6015625,stop_loss,243.0,0.6855865153078775,0.28326745718050067,0.00015653683184534175
2025-10-28,BANKNIFTY,BANKNIFTY25OCTFUT,2025-10-28 15:01:19,2025-10-28 15:06:19,1,58130.80078125,58138.19921875,2.3984375,time_exit,300.0,0.6804071246819339,0.25971370143149286,0.006958819132124971
2025-10-29,BANKNIFTY,BANKNIFTY25NOVFUT,2025-10-29 15:06:37,2025-10-29 15:11:37,1,58742.19921875,58747.3984375,0.19921875,time_exit,300.0,0.6835091615769017,0.26153846153846155,0.003084472499985273
2025-10-31,BANKNIFTY,BANKNIFTY25NOVFUT,2025-10-31 10:44:13,2025-10-31 10:49:16,1,58215.19921875,58197.6015625,-22.59765625,time_exit,303.0,0.6827656329435688,0.3211009174311927,0.01042257863619565
2025-11-03,BANKNIFTY,BANKNIFTY25NOVFUT,2025-11-03 09:45:36,2025-11-03 09:50:36,1,58330.0,58353.80078125,18.80078125,time_exit,300.0,0.6846971798428109,0.40771349862258954,0.0022435853027614637
2025-11-03,BANKNIFTY,BANKNIFTY25NOVFUT,2025-11-03 09:51:38,2025-11-03 09:56:38,1,58325.80078125,58297.3984375,-33.40234375,time_exit,300.0,0.6947890818858561,0.4077490774907749,0.0035236043450392017
2025-11-07,BANKNIFTY,BANKNIFTY25NOVFUT,2025-11-07 11:22:50,2025-11-07 11:27:52,1,57879.80078125,57920.0,35.19921875,time_exit,302.0,0.6820561637315564,0.21875,0.007039967148779893
2025-11-07,BANKNIFTY,BANKNIFTY25NOVFUT,2025-11-07 12:46:20,2025-11-07 12:51:20,1,58087.19921875,58178.80078125,86.6015625,time_exit,300.0,0.7054478301015698,0.1703225806451613,0.0028169154427258084
2025-11-07,BANKNIFTY,BANKNIFTY25NOVFUT,2025-11-07 12:52:20,2025-11-07 12:57:24,1,58169.19921875,58135.19921875,-39.0,time_exit,304.0,0.759297952361053,0.4644412191582003,0.00400681543102827
2025-11-07,BANKNIFTY,BANKNIFTY25NOVFUT,2025-11-07 12:58:30,2025-11-07 13:03:34,1,58145.0,58191.0,41.0,time_exit,304.0,0.7353448275862069,0.21586931155192532,0.006365776889056896
2025-11-12,BANKNIFTY,BANKNIFTY25NOVFUT,2025-11-12 10:42:37,2025-11-12 10:44:12,1,58590.0,58570.0,-25.0,ofi_reversal,95.0,0.6847720659553831,0.1724137931034483,0.013757916340981691
2025-11-12,BANKNIFTY,BANKNIFTY25NOVFUT,2025-11-12 12:04:32,2025-11-12 12:09:35,1,58565.80078125,58580.3984375,9.59765625,time_exit,303.0,0.7293946024799417,0.44383346425765907,0.0014644140853106186
2025-11-12,BANKNIFTY,BANKNIFTY25NOVFUT,2025-11-12 12:10:58,2025-11-12 12:16:01,1,58567.0,58556.6015625,-15.3984375,time_exit,303.0,0.7215373459028281,0.458128078817734,0.0015665339034125938
2025-11-12,BANKNIFTY,BANKNIFTY25NOVFUT,2025-11-12 12:17:01,2025-11-12 12:22:11,1,58550.6015625,58564.80078125,9.19921875,time_exit,310.0,0.7210956954820349,0.23020706455542023,0.0015469041526517075
2025-11-12,BANKNIFTY,BANKNIFTY25NOVFUT,2025-11-12 12:31:28,2025-11-12 12:36:38,1,58611.19921875,58635.0,18.80078125,time_exit,310.0,0.6829568788501027,0.2193211488250653,0.0049346502134061
2025-11-12,BANKNIFTY,BANKNIFTY25NOVFUT,2025-11-12 12:40:27,2025-11-12 12:45:28,1,58680.0,58684.80078125,-0.19921875,time_exit,301.0,0.6923694779116466,0.643655489809336,0.002434340300475355
2025-11-12,BANKNIFTY,BANKNIFTY25NOVFUT,2025-11-12 12:46:32,2025-11-12 12:51:32,1,58686.19921875,58672.0,-19.19921875,time_exit,300.0,0.6840307429547395,0.2107706592386258,0.0025489127887096175
2025-11-13,BANKNIFTY,BANKNIFTY25NOVFUT,2025-11-13 10:15:18,2025-11-13 10:20:20,1,58672.0,58673.19921875,-3.80078125,time_exit,302.0,0.6825548141086749,0.1925754060324826,0.00528748492053169
2025-11-14,BANKNIFTY,BANKNIFTY25NOVFUT,2025-11-14 13:54:28,2025-11-14 13:55:59,1,58388.0,58405.0,12.0,ofi_reversal,91.0,0.6841616349280074,0.17267080745341615,0.005774332224814339
2025-11-17,BANKNIFTY,BANKNIFTY25NOVFUT,2025-11-17 09:33:23,2025-11-17 09:38:23,1,58980.19921875,58966.3984375,-18.80078125,time_exit,300.0,0.772972972972973,0.2484002326934264,0.0029330667067448803
2025-11-19,BANKNIFTY,BANKNIFTY25NOVFUT,2025-11-19 12:35:13,2025-11-19 12:40:27,1,59135.0,59090.0,-50.0,time_exit,314.0,0.7378731343283582,0.48556767158434894,0.004488229778673898
2025-11-19,BANKNIFTY,BANKNIFTY25NOVFUT,2025-11-19 12:41:28,2025-11-19 12:46:28,1,59082.0,59135.6015625,48.6015625,time_exit,300.0,0.7022684310018904,0.18257645968489342,0.006144670130888835
2025-11-21,BANKNIFTY,BANKNIFTY25NOVFUT,2025-11-21 10:23:07,2025-11-21 10:24:37,1,58955.80078125,58964.3984375,3.59765625,ofi_reversal,90.0,0.7755166931637519,0.26326530612244897,0.0010442028955992627
2025-11-21,BANKNIFTY,BANKNIFTY25NOVFUT,2025-11-21 10:25:37,2025-11-21 10:27:07,1,58969.19921875,58949.80078125,-24.3984375,ofi_reversal,90.0,0.7729591836734694,0.17045454545454544,0.005153719673407128
2025-11-25,BANKNIFTY,BANKNIFTY25NOVFUT,2025-11-25 14:18:46,2025-11-25 14:19:50,1,59112.6015625,59045.19921875,-72.40234375,stop_loss,64.0,0.6820866141732284,0.22869955156950672,0.006501880207187054
2025-11-26,BANKNIFTY,BANKNIFTY25DECFUT,2025-11-26 09:32:11,2025-11-26 09:37:11,1,59540.0,59563.3984375,18.3984375,time_exit,300.0,0.7523120225170888,0.41896024464831805,0.0032023506432137853
2025-11-26,BANKNIFTY,BANKNIFTY25DECFUT,2025-11-26 09:48:16,2025-11-26 09:53:16,1,59720.19921875,59750.0,24.80078125,time_exit,300.0,0.6875822729267222,0.44,0.0034588218332573077
2025-11-26,BANKNIFTY,BANKNIFTY25DECFUT,2025-11-26 10:03:05,2025-11-26 10:08:07,1,59833.0,59818.80078125,-19.19921875,time_exit,302.0,0.7052364864864865,0.5866819747416763,0.0014636233571684273
2025-11-27,BANKNIFTY,BANKNIFTY25DECFUT,2025-11-27 13:34:04,2025-11-27 13:39:02,1,59865.3984375,59813.80078125,-56.59765625,stop_loss,298.0,0.7032920051303976,0.1504424778761062,0.0018814097973855312
2025-12-01,BANKNIFTY,BANKNIFTY25DECFUT,2025-12-01 10:43:06,2025-12-01 10:48:08,1,60305.0,60275.19921875,-34.80078125,time_exit,302.0,0.7049931287219423,0.3580071174377224,0.0022702546384064403
2025-12-02,BANKNIFTY,BANKNIFTY25DECFUT,2025-12-02 15:08:18,2025-12-02 15:13:19,1,59670.19921875,59676.0,0.80078125,time_exit,301.0,0.7099634846113719,0.18379446640316205,0.0022346952239568675
2025-12-03,BANKNIFTY,BANKNIFTY25DECFUT,2025-12-03 11:44:55,2025-12-03 11:49:56,1,59484.80078125,59518.80078125,29.0,time_exit,301.0,0.6835119959162839,0.25299506694855534,0.004321246466842112
2025-12-03,BANKNIFTY,BANKNIFTY25DECFUT,2025-12-03 11:55:27,2025-12-03 12:00:28,1,59480.3984375,59463.6015625,-21.796875,time_exit,301.0,0.7010923535253227,0.1963109354413702,0.004718643703634719
2025-12-03,BANKNIFTY,BANKNIFTY25DECFUT,2025-12-03 15:00:02,2025-12-03 15:03:21,1,59673.80078125,59620.0,-58.80078125,stop_loss,199.0,0.6965756393584742,0.6913265306122449,0.0033557605665500423
2025-12-03,BANKNIFTY,BANKNIFTY25DECFUT,2025-12-03 15:04:31,2025-12-03 15:09:32,1,59635.6015625,59698.19921875,57.59765625,time_exit,301.0,0.7594740912606341,0.4778518228145825,0.003376126190884119
2025-12-05,BANKNIFTY,BANKNIFTY25DECFUT,2025-12-05 09:35:05,2025-12-05 09:37:13,1,59717.6015625,59665.0,-57.6015625,stop_loss,128.0,0.6829373650107992,0.32737430167597764,0.0026389333414267033
2025-12-05,BANKNIFTY,BANKNIFTY25DECFUT,2025-12-05 09:38:40,2025-12-05 09:43:45,1,59660.0,59710.0,45.0,time_exit,305.0,0.6822670674109059,0.24881516587677724,0.007580402222220387
2025-12-05,BANKNIFTY,BANKNIFTY25DECFUT,2025-12-05 10:07:47,2025-12-05 10:12:47,1,59862.19921875,59915.0,47.80078125,time_exit,300.0,0.8167305236270753,0.35624538063562455,0.003089282134321439
2025-12-05,BANKNIFTY,BANKNIFTY25DECFUT,2025-12-05 10:17:58,2025-12-05 10:22:05,1,60030.0,59977.6015625,-57.3984375,stop_loss,247.0,0.7908866125044154,0.44153577661431065,0.0025584160791695056
2025-12-05,BANKNIFTY,BANKNIFTY25DECFUT,2025-12-05 12:36:08,2025-12-05 12:41:08,1,60051.0,60007.19921875,-48.80078125,time_exit,300.0,0.7145522388059702,0.5052023121387283,0.002558465397766132
2025-12-05,BANKNIFTY,BANKNIFTY25DECFUT,2025-12-05 12:42:09,2025-12-05 12:47:10,1,60030.0,60040.6015625,5.6015625,time_exit,301.0,0.7365988909426987,0.30874909616775126,0.002506704009826757
2025-12-05,BANKNIFTY,BANKNIFTY25DECFUT,2025-12-05 12:48:18,2025-12-05 12:53:18,1,60038.0,60110.0,67.0,time_exit,300.0,0.7085242896425298,0.21508379888268156,0.0037327184292485715
2025-12-05,BANKNIFTY,BANKNIFTY25DECFUT,2025-12-05 12:54:59,2025-12-05 13:00:00,1,60078.0,60040.80078125,-42.19921875,time_exit,301.0,0.7074360016253556,0.4208754208754209,0.0022114833100374274
2025-12-11,BANKNIFTY,BANKNIFTY25DECFUT,2025-12-11 10:16:03,2025-12-11 10:21:04,1,59437.6015625,59450.0,7.3984375,time_exit,301.0,0.7134119702927042,0.5725288831835686,0.003946048487070664
2025-12-11,BANKNIFTY,BANKNIFTY25DECFUT,2025-12-11 10:22:04,2025-12-11 10:27:05,1,59385.19921875,59450.0,59.80078125,time_exit,301.0,0.7497010761259466,0.2743682310469314,0.0038547604665498934
2025-12-11,BANKNIFTY,BANKNIFTY25DECFUT,2025-12-11 10:32:43,2025-12-11 10:33:11,1,59530.3984375,59471.19921875,-64.19921875,stop_loss,28.0,0.6864406779661016,0.3274021352313167,0.005823452923960865
2025-12-11,BANKNIFTY,BANKNIFTY25DECFUT,2025-12-11 10:34:17,2025-12-11 10:39:19,1,59491.3984375,59490.0,-6.3984375,time_exit,302.0,0.6933207902163687,0.15274261603375527,0.008266735339734595
2025-12-11,BANKNIFTY,BANKNIFTY25DECFUT,2025-12-11 10:49:10,2025-12-11 10:54:14,1,59514.0,59500.3984375,-18.6015625,time_exit,304.0,0.6851948051948052,0.1600547195622435,0.01081659741435661
2025-12-11,BANKNIFTY,BANKNIFTY25DECFUT,2025-12-11 12:04:34,2025-12-11 12:09:34,1,59620.0,59648.0,23.0,time_exit,300.0,0.6998313659359191,0.6706507304116865,0.0026832014219281487
2025-12-11,BANKNIFTY,BANKNIFTY25DECFUT,2025-12-11 12:10:41,2025-12-11 12:15:43,1,59659.0,59674.0,10.0,time_exit,302.0,0.7902476780185759,0.17940199335548174,0.003092739288819338
2025-12-12,BANKNIFTY,BANKNIFTY25DECFUT,2025-12-12 09:31:41,2025-12-12 09:36:41,1,59736.19921875,59761.0,19.80078125,time_exit,300.0,0.7122106218792555,0.5078014184397163,0.003849407827496984
2025-12-12,BANKNIFTY,BANKNIFTY25DECFUT,2025-12-12 09:39:37,2025-12-12 09:44:44,1,59752.3984375,59757.0,-0.3984375,time_exit,307.0,0.6927536231884058,0.23785166240409208,0.005739511936524057
2025-12-12,BANKNIFTY,BANKNIFTY25DECFUT,2025-12-12 09:49:24,2025-12-12 09:54:30,1,59770.0,59770.0,-5.0,time_exit,306.0,0.6852130325814536,0.4100087796312555,0.0036307137479092027
2025-12-15,BANKNIFTY,BANKNIFTY25DECFUT,2025-12-15 11:58:10,2025-12-15 12:03:10,1,59655.0,59715.80078125,55.80078125,time_exit,300.0,0.6917705735660847,0.19506172839506172,0.006132826693757327
2025-12-15,BANKNIFTY,BANKNIFTY25DECFUT,2025-12-15 12:09:02,2025-12-15 12:14:21,1,59708.0,59711.19921875,-1.80078125,time_exit,319.0,0.6877567789646672,0.166996699669967,0.0026117219929040476
2025-12-16,BANKNIFTY,BANKNIFTY25DECFUT,2025-12-16 09:36:24,2025-12-16 09:37:54,1,59367.19921875,59380.0,7.80078125,ofi_reversal,90.0,0.7242833052276559,0.27314285714285713,0.0026323672992415283
2025-12-24,BANKNIFTY,BANKNIFTY25DECFUT,2025-12-24 09:33:17,2025-12-24 09:38:17,1,59568.0,59558.0,-15.0,time_exit,300.0,0.684924360980699,0.3619126133553174,0.0029352914050969525
2025-12-30,BANKNIFTY,BANKNIFTY25DECFUT,2025-12-30 13:45:46,2025-12-30 13:50:49,1,59085.19921875,59075.80078125,-14.3984375,time_exit,303.0,0.7281553398058253,0.15627095908786048,0.004178592267415581
2025-12-30,BANKNIFTY,BANKNIFTY25DECFUT,2025-12-30 14:32:01,2025-12-30 14:37:07,1,59070.0,59054.6015625,-20.3984375,time_exit,306.0,0.6805491990846682,0.34548335974643424,0.004466544450473434
2025-12-30,BANKNIFTY,BANKNIFTY25DECFUT,2025-12-30 14:42:50,2025-12-30 14:47:51,1,59055.0,59112.19921875,52.19921875,time_exit,301.0,0.7174929840972872,0.18084066471163246,0.005668280849916319
2025-12-30,BANKNIFTY,BANKNIFTY25DECFUT,2025-12-30 14:53:15,2025-12-30 14:58:18,1,59150.0,59142.0,-13.0,time_exit,303.0,0.8290468986384266,0.201988251242657,0.0021254593442456083
2025-12-30,BANKNIFTY,BANKNIFTY25DECFUT,2025-12-30 15:01:03,2025-12-30 15:06:03,1,59095.19921875,59151.0,50.80078125,time_exit,300.0,0.7746250506688286,0.17236467236467237,0.0033089472666388603
2025-12-30,BANKNIFTY,BANKNIFTY25DECFUT,2025-12-30 15:07:09,2025-12-30 15:12:09,1,59179.6015625,59159.0,-25.6015625,time_exit,300.0,0.7160909856781803,0.5083880379285193,0.003736259369081617
2025-12-31,BANKNIFTY,BANKNIFTY26JANFUT,2025-12-31 10:18:17,2025-12-31 10:23:22,1,59724.3984375,59712.0,-17.3984375,time_exit,305.0,0.6801925722145805,0.49798387096774194,0.0012205048793877391
2025-12-31,BANKNIFTY,BANKNIFTY26JANFUT,2025-12-31 10:25:42,2025-12-31 10:30:43,1,59717.3984375,59719.80078125,-2.59765625,time_exit,301.0,0.6888736263736264,0.20898876404494382,0.001243220348875913
2025-12-31,BANKNIFTY,BANKNIFTY26JANFUT,2025-12-31 10:32:12,2025-12-31 10:37:16,1,59759.0,59745.19921875,-18.80078125,time_exit,304.0,0.6816353887399463,0.2184769038701623,0.009480519819860986
2025-12-31,BANKNIFTY,BANKNIFTY26JANFUT,2025-12-31 10:38:21,2025-12-31 10:43:21,1,59730.19921875,59780.0,44.80078125,time_exit,300.0,0.6807289908876138,0.34320323014804843,0.014295370861855079
2025-12-31,BANKNIFTY,BANKNIFTY26JANFUT,2025-12-31 12:52:38,2025-12-31 12:57:39,1,60009.0,60032.19921875,18.19921875,time_exit,301.0,0.6921810699588478,0.2805232558139535,0.0025455379537375694
2026-01-05,BANKNIFTY,BANKNIFTY26JANFUT,2026-01-05 13:58:06,2026-01-05 14:00:36,1,60115.3984375,60072.6015625,-47.796875,ofi_reversal,150.0,0.7553648068669528,0.1525795828759605,0.006542600884469049
2026-01-20,BANKNIFTY,BANKNIFTY26JANFUT,2026-01-20 12:18:38,2026-01-20 12:23:44,1,59756.6015625,59759.19921875,-2.40234375,time_exit,306.0,0.6865869853917662,0.1515837104072398,0.0042180017547887565
2026-01-20,BANKNIFTY,BANKNIFTY26JANFUT,2026-01-20 14:11:02,2026-01-20 14:16:12,1,59572.19921875,59586.3984375,9.19921875,time_exit,310.0,0.7247437774524158,0.3203125,0.0011134356000468302
2026-01-20,BANKNIFTY,BANKNIFTY26JANFUT,2026-01-20 14:24:05,2026-01-20 14:29:05,1,59572.19921875,59631.80078125,54.6015625,time_exit,300.0,0.7073170731707317,0.15164835164835164,0.03151042196007009
2026-01-22,BANKNIFTY,BANKNIFTY26JANFUT,2026-01-22 09:30:00,2026-01-22 09:35:00,1,59539.19921875,59580.0,35.80078125,time_exit,300.0,0.8105205177637015,0.27206906154274574,0.00325450304907677
2026-01-22,BANKNIFTY,BANKNIFTY26JANFUT,2026-01-22 09:36:01,2026-01-22 09:41:04,1,59585.80078125,59595.19921875,4.3984375,time_exit,303.0,0.7248194602812619,0.24761904761904763,0.003612581887328572
2026-01-28,BANKNIFTY,BANKNIFTY26FEBFUT,2026-01-28 14:55:01,2026-01-28 15:00:01,1,59855.0,59868.3984375,8.3984375,time_exit,300.0,0.6933962264150944,0.4234527687296417,0.002802640412057252
2026-02-01,BANKNIFTY,BANKNIFTY26FEBFUT,2026-02-01 09:51:07,2026-02-01 09:51:15,1,59915.19921875,59864.3984375,-55.80078125,stop_loss,8.0,0.693302891933029,0.18856364874063988,0.009251163862043714
2026-02-01,BANKNIFTY,BANKNIFTY26FEBFUT,2026-02-01 09:54:25,2026-02-01 09:59:27,1,59854.6015625,59870.0,10.3984375,time_exit,302.0,0.733941467122767,0.2177466433158202,0.009671480003338664
2026-02-01,BANKNIFTY,BANKNIFTY26FEBFUT,2026-02-01 11:11:09,2026-02-01 11:14:08,1,60031.3984375,59980.0,-56.3984375,stop_loss,179.0,0.8112712975098296,0.1518588531821046,0.0032909170720130426
2026-02-01,BANKNIFTY,BANKNIFTY26FEBFUT,2026-02-01 11:15:08,2026-02-01 11:20:10,1,59980.0,59972.3984375,-12.6015625,time_exit,302.0,0.7614833544037084,0.21396250808015513,0.0054200649342671285
2026-02-01,BANKNIFTY,BANKNIFTY26FEBFUT,2026-02-01 11:21:10,2026-02-01 11:26:10,1,59902.0,59950.0,43.0,time_exit,300.0,0.7549441100601891,0.15508021390374332,0.007695220621680509
2026-02-01,BANKNIFTY,BANKNIFTY26FEBFUT,2026-02-01 11:27:10,2026-02-01 11:27:26,1,60075.0,60023.19921875,-56.80078125,stop_loss,16.0,0.7079530638852672,0.1949509116409537,0.00921399199087137
2026-02-01,BANKNIFTY,BANKNIFTY26FEBFUT,2026-02-01 12:33:47,2026-02-01 12:33:55,1,58792.3984375,58728.6015625,-68.796875,stop_loss,8.0,0.7168587896253602,0.15101838052657726,0.015039614713935032
2026-02-02,BANKNIFTY,BANKNIFTY26FEBFUT,2026-02-02 11:14:38,2026-02-02 11:17:05,1,58307.6015625,58253.0,-59.6015625,stop_loss,147.0,0.681670867842996,0.5799207397622193,0.003497559380415079
2026-02-02,BANKNIFTY,BANKNIFTY26FEBFUT,2026-02-02 14:58:37,2026-02-02 15:03:37,1,58739.80078125,58785.6015625,40.80078125,time_exit,300.0,0.7465212485896954,0.5866200698951572,0.002236467749592314
2026-02-02,BANKNIFTY,BANKNIFTY26FEBFUT,2026-02-02 15:04:41,2026-02-02 15:09:41,1,58786.0,58847.0,56.0,time_exit,300.0,0.769059955588453,0.19567827130852342,0.0037891509443334437
