date,cp_location_norm,cp_score
2020-08-21 00:00:00+05:30,1.0,0.45968246
2020-08-24 00:00:00+05:30,0.47619048,0.9932262
2020-08-25 00:00:00+05:30,0.47619048,0.54140884
2020-08-26 00:00:00+05:30,0.47619048,0.45735484
2020-08-27 00:00:00+05:30,0.47619048,0.5452373
2020-08-28 00:00:00+05:30,0.47619048,0.5070308
2020-08-31 00:00:00+05:30,0.47619048,0.49030882
2020-09-01 00:00:00+05:30,0.47619048,0.45977947
2020-09-02 00:00:00+05:30,0.47619048,0.46108958
2020-09-03 00:00:00+05:30,0.47619048,0.48806378
2020-09-04 00:00:00+05:30,0.47619048,0.46772075
2020-09-07 00:00:00+05:30,0.52380955,0.5480205
2020-09-08 00:00:00+05:30,0.5714286,0.5528777
2020-09-09 00:00:00+05:30,0.61904764,0.5450193
2020-09-10 00:00:00+05:30,0.6666667,0.54237854
2020-09-11 00:00:00+05:30,0.71428573,0.73149997
2020-09-14 00:00:00+05:30,0.7619048,0.58775383
2020-09-15 00:00:00+05:30,0.8095238,0.5563273
2020-09-16 00:00:00+05:30,0.85714287,0.5539638
2020-09-17 00:00:00+05:30,0.9047619,0.5567852
2020-09-18 00:00:00+05:30,0.95238096,0.5528777
2020-09-21 00:00:00+05:30,1.0,0.5654667
2020-09-22 00:00:00+05:30,1.0,0.55319154
2020-09-23 00:00:00+05:30,1.0,0.55268455
2020-09-24 00:00:00+05:30,1.0,0.55295014
2020-09-25 00:00:00+05:30,1.0,0.5508973
2020-09-28 00:00:00+05:30,1.0,0.5690146
2020-09-29 00:00:00+05:30,1.0,0.5546635
2020-09-30 00:00:00+05:30,1.0,0.550994
2020-10-01 00:00:00+05:30,1.0,0.5493989
2020-10-05 00:00:00+05:30,1.0,0.5509698
2020-10-06 00:00:00+05:30,1.0,0.54944724
2020-10-07 00:00:00+05:30,1.0,0.5492296
2020-10-08 00:00:00+05:30,1.0,0.5494956
2020-10-09 00:00:00+05:30,1.0,0.5497615
2020-10-12 00:00:00+05:30,1.0,0.5499065
2020-10-13 00:00:00+05:30,1.0,0.5565683
2020-10-14 00:00:00+05:30,1.0,0.5511631
2020-10-15 00:00:00+05:30,1.0,0.5513322
2020-10-16 00:00:00+05:30,1.0,0.54700434
2020-10-19 00:00:00+05:30,1.0,0.5462541
2020-10-20 00:00:00+05:30,1.0,0.5475609
2020-10-21 00:00:00+05:30,1.0,0.5459152
2020-10-22 00:00:00+05:30,1.0,0.545431
2020-10-23 00:00:00+05:30,1.0,0.5450436
2020-10-26 00:00:00+05:30,1.0,0.5446803
2020-10-27 00:00:00+05:30,1.0,0.5450436
2020-10-28 00:00:00+05:30,1.0,0.54576993
2020-10-29 00:00:00+05:30,1.0,0.5444865
2020-10-30 00:00:00+05:30,1.0,0.5509698
2020-11-02 00:00:00+05:30,1.0,0.54388094
2020-11-03 00:00:00+05:30,1.0,0.54368716
2020-11-04 00:00:00+05:30,1.0,0.5658506
2020-11-05 00:00:00+05:30,1.0,0.54438967
2020-11-06 00:00:00+05:30,1.0,0.5430814
2020-11-09 00:00:00+05:30,1.0,0.5632579
2020-11-10 00:00:00+05:30,1.0,0.55883265
2020-11-11 00:00:00+05:30,1.0,0.56613845
2020-11-12 00:00:00+05:30,1.0,0.54995483
2020-11-13 00:00:00+05:30,1.0,0.5528536
2020-11-14 00:00:00+05:30,1.0,0.5430814
2020-11-17 00:00:00+05:30,1.0,0.54325104
2020-11-18 00:00:00+05:30,1.0,0.54521304
2020-11-19 00:00:00+05:30,1.0,0.54303294
2020-11-20 00:00:00+05:30,1.0,0.54688334
2020-11-23 00:00:00+05:30,1.0,0.545092
2020-11-24 00:00:00+05:30,1.0,0.5425967
2020-11-25 00:00:00+05:30,1.0,0.54349333
2020-11-26 00:00:00+05:30,1.0,0.5418695
2020-11-27 00:00:00+05:30,1.0,0.5463993
2020-12-01 00:00:00+05:30,1.0,0.5413846
2020-12-02 00:00:00+05:30,1.0,0.54126334
2020-12-03 00:00:00+05:30,1.0,0.5410451
2020-12-04 00:00:00+05:30,1.0,0.61615086
2020-12-07 00:00:00+05:30,1.0,0.5813744
2020-12-08 00:00:00+05:30,1.0,0.56510675
2020-12-09 00:00:00+05:30,1.0,0.54780275
2020-12-10 00:00:00+05:30,1.0,0.5428148
2020-12-11 00:00:00+05:30,1.0,0.5422331
2020-12-14 00:00:00+05:30,1.0,0.54463184
2020-12-15 00:00:00+05:30,1.0,0.5437356
2020-12-16 00:00:00+05:30,1.0,0.54213613
2020-12-17 00:00:00+05:30,1.0,0.5414331
2020-12-18 00:00:00+05:30,1.0,0.54145736
2020-12-21 00:00:00+05:30,1.0,0.59793663
2020-12-22 00:00:00+05:30,1.0,0.56034887
2020-12-23 00:00:00+05:30,1.0,0.55514586
2020-12-24 00:00:00+05:30,1.0,0.541918
2020-12-28 00:00:00+05:30,1.0,0.5433237
2020-12-29 00:00:00+05:30,1.0,0.54673815
2020-12-30 00:00:00+05:30,1.0,0.541821
2020-12-31 00:00:00+05:30,1.0,0.54155433
2021-01-01 00:00:00+05:30,1.0,0.54315406
2021-01-04 00:00:00+05:30,1.0,0.54177254
2021-01-05 00:00:00+05:30,1.0,0.54097235
2021-01-06 00:00:00+05:30,1.0,0.541918
2021-01-07 00:00:00+05:30,1.0,0.61573505
2021-01-08 00:00:00+05:30,1.0,0.5440505
2021-01-11 00:00:00+05:30,1.0,0.55210507
2021-01-12 00:00:00+05:30,1.0,0.5448741
2021-01-13 00:00:00+05:30,1.0,0.54942304
2021-01-14 00:00:00+05:30,1.0,0.54140884
2021-01-15 00:00:00+05:30,1.0,0.542524
2021-01-18 00:00:00+05:30,1.0,0.54683495
2021-01-19 00:00:00+05:30,1.0,0.5409239
2021-01-20 00:00:00+05:30,1.0,0.54681075
2021-01-21 00:00:00+05:30,1.0,0.54063284
2021-01-22 00:00:00+05:30,1.0,0.54148155
2021-01-25 00:00:00+05:30,1.0,0.54082686
2021-01-27 00:00:00+05:30,1.0,0.5415786
2021-01-28 00:00:00+05:30,1.0,0.54426855
2021-01-29 00:00:00+05:30,1.0,0.5402205
2021-02-01 00:00:00+05:30,1.0,0.5486735
2021-02-02 00:00:00+05:30,1.0,0.5410694
2021-02-03 00:00:00+05:30,1.0,0.5398567
2021-02-04 00:00:00+05:30,1.0,0.54654455
2021-02-05 00:00:00+05:30,1.0,0.5430087
2021-02-08 00:00:00+05:30,1.0,0.5403418
2021-02-09 00:00:00+05:30,1.0,0.5440263
2021-02-10 00:00:00+05:30,1.0,0.55543524
2021-02-11 00:00:00+05:30,1.0,0.642253
2021-02-12 00:00:00+05:30,1.0,0.5403418
2021-02-15 00:00:00+05:30,1.0,0.54477715
2021-02-16 00:00:00+05:30,1.0,0.54673815
2021-02-17 00:00:00+05:30,1.0,0.56424254
2021-02-18 00:00:00+05:30,1.0,0.54024476
2021-02-19 00:00:00+05:30,1.0,0.54194224
2021-02-22 00:00:00+05:30,1.0,0.6289545
2021-02-23 00:00:00+05:30,1.0,0.5529984
2021-02-24 00:00:00+05:30,1.0,0.5408026
2021-02-25 00:00:00+05:30,1.0,0.5412876
2021-02-26 00:00:00+05:30,1.0,0.542427
2021-03-01 00:00:00+05:30,1.0,0.54274213
2021-03-02 00:00:00+05:30,1.0,0.5440748
2021-03-03 00:00:00+05:30,1.0,0.5401235
2021-03-04 00:00:00+05:30,1.0,0.5474641
2021-03-05 00:00:00+05:30,1.0,0.54196644
2021-03-08 00:00:00+05:30,1.0,0.54031754
2021-03-09 00:00:00+05:30,1.0,0.53988093
2021-03-10 00:00:00+05:30,1.0,0.5404631
2021-03-12 00:00:00+05:30,1.0,0.543784
2021-03-15 00:00:00+05:30,1.0,0.546242
2021-03-16 00:00:00+05:30,1.0,0.5422937
2021-03-17 00:00:00+05:30,1.0,0.5488549
2021-03-18 00:00:00+05:30,1.0,0.5462904
2021-03-19 00:00:00+05:30,1.0,0.5395898
2021-03-22 00:00:00+05:30,1.0,0.5435781
2021-03-23 00:00:00+05:30,1.0,0.53928655
2021-03-24 00:00:00+05:30,1.0,0.54132396
2021-03-25 00:00:00+05:30,1.0,0.54721004
2021-03-26 00:00:00+05:30,1.0,0.5393351
2021-03-30 00:00:00+05:30,1.0,0.5488186
2021-03-31 00:00:00+05:30,1.0,0.5390075
2021-04-01 00:00:00+05:30,1.0,0.57821006
2021-04-05 00:00:00+05:30,1.0,0.56214046
2021-04-06 00:00:00+05:30,1.0,0.5392744
2021-04-07 00:00:00+05:30,1.0,0.550402
2021-04-08 00:00:00+05:30,1.0,0.5422937
2021-04-09 00:00:00+05:30,1.0,0.54412323
2021-04-12 00:00:00+05:30,1.0,0.53917736
2021-04-13 00:00:00+05:30,1.0,0.53982025
2021-04-15 00:00:00+05:30,1.0,0.5391045
2021-04-16 00:00:00+05:30,1.0,0.5390439
2021-04-19 00:00:00+05:30,1.0,0.56740934
2021-04-20 00:00:00+05:30,1.0,0.5389347
2021-04-22 00:00:00+05:30,1.0,0.5670138
2021-04-23 00:00:00+05:30,1.0,0.54018414
2021-04-26 00:00:00+05:30,1.0,0.5388498
2021-04-27 00:00:00+05:30,1.0,0.5393472
2021-04-28 00:00:00+05:30,1.0,0.5400386
2021-04-29 00:00:00+05:30,1.0,0.5402933
2021-04-30 00:00:00+05:30,1.0,0.53897107
2021-05-03 00:00:00+05:30,1.0,0.5404024
2021-05-04 00:00:00+05:30,1.0,0.5421725
2021-05-05 00:00:00+05:30,1.0,0.5384129
2021-05-06 00:00:00+05:30,1.0,0.5394321
2021-05-07 00:00:00+05:30,1.0,0.53952914
2021-05-10 00:00:00+05:30,1.0,0.5406571
2021-05-11 00:00:00+05:30,1.0,0.5386435
2021-05-12 00:00:00+05:30,1.0,0.5719698
2021-05-14 00:00:00+05:30,1.0,0.5432389
2021-05-17 00:00:00+05:30,1.0,0.5394806
2021-05-18 00:00:00+05:30,1.0,0.5405237
2021-05-19 00:00:00+05:30,1.0,0.53945637
2021-05-20 00:00:00+05:30,1.0,0.5387284
2021-05-21 00:00:00+05:30,1.0,0.5381824
2021-05-24 00:00:00+05:30,1.0,0.5485405
2021-05-25 00:00:00+05:30,1.0,0.53892255
2021-05-26 00:00:00+05:30,1.0,0.5401599
2021-05-27 00:00:00+05:30,1.0,0.53772116
2021-05-28 00:00:00+05:30,1.0,0.5545549
2021-05-31 00:00:00+05:30,1.0,0.5401963
2021-06-01 00:00:00+05:30,1.0,0.55177903
2021-06-02 00:00:00+05:30,1.0,0.53838867
2021-06-03 00:00:00+05:30,1.0,0.5928316
2021-06-04 00:00:00+05:30,1.0,0.5376726
2021-06-07 00:00:00+05:30,1.0,0.5394442
2021-06-08 00:00:00+05:30,1.0,0.5375512
2021-06-09 00:00:00+05:30,1.0,0.53753906
2021-06-10 00:00:00+05:30,1.0,0.55459106
2021-06-11 00:00:00+05:30,1.0,0.5384372
2021-06-14 00:00:00+05:30,1.0,0.53851
2021-06-15 00:00:00+05:30,1.0,0.54054797
2021-06-16 00:00:00+05:30,1.0,0.53740555
2021-06-17 00:00:00+05:30,1.0,0.5437598
2021-06-18 00:00:00+05:30,1.0,0.53721136
2021-06-21 00:00:00+05:30,1.0,0.5432995
2021-06-22 00:00:00+05:30,1.0,0.5382309
2021-06-23 00:00:00+05:30,1.0,0.55864006
2021-06-24 00:00:00+05:30,1.0,0.541518
2021-06-25 00:00:00+05:30,1.0,0.5376969
2021-06-28 00:00:00+05:30,1.0,0.53791535
2021-06-29 00:00:00+05:30,1.0,0.5389347
2021-06-30 00:00:00+05:30,1.0,0.53690785
2021-07-01 00:00:00+05:30,1.0,0.552419
2021-07-02 00:00:00+05:30,1.0,0.5840577
2021-07-05 00:00:00+05:30,1.0,0.53735703
2021-07-06 00:00:00+05:30,1.0,0.5371385
2021-07-07 00:00:00+05:30,1.0,0.53690785
2021-07-08 00:00:00+05:30,1.0,0.5368593
2021-07-09 00:00:00+05:30,1.0,0.5423543
2021-07-12 00:00:00+05:30,1.0,0.54569733
2021-07-13 00:00:00+05:30,1.0,0.5448498
2021-07-14 00:00:00+05:30,1.0,0.53851
2021-07-15 00:00:00+05:30,1.0,0.5389832
2021-07-16 00:00:00+05:30,1.0,0.53702927
2021-07-19 00:00:00+05:30,1.0,0.5384372
2021-07-20 00:00:00+05:30,1.0,0.5527208
2021-07-22 00:00:00+05:30,1.0,0.61608154
2021-07-23 00:00:00+05:30,1.0,0.53772116
2021-07-26 00:00:00+05:30,1.0,0.5398567
2021-07-27 00:00:00+05:30,1.0,0.53690785
2021-07-28 00:00:00+05:30,1.0,0.53831583
2021-07-29 00:00:00+05:30,1.0,0.53670144
2021-07-30 00:00:00+05:30,1.0,0.60744196
2021-08-02 00:00:00+05:30,1.0,0.53876483
2021-08-03 00:00:00+05:30,1.0,0.5538311
2021-08-04 00:00:00+05:30,1.0,0.5442322
2021-08-05 00:00:00+05:30,1.0,0.5392137
2021-08-06 00:00:00+05:30,1.0,0.53708994
2021-08-09 00:00:00+05:30,1.0,0.5499065
2021-08-10 00:00:00+05:30,1.0,0.575755
2021-08-11 00:00:00+05:30,1.0,0.5400265
2021-08-12 00:00:00+05:30,1.0,0.65661424
2021-08-13 00:00:00+05:30,1.0,0.5576767
2021-08-16 00:00:00+05:30,1.0,0.5376483
2021-08-17 00:00:00+05:30,1.0,0.59290236
2021-08-18 00:00:00+05:30,1.0,0.53791535
2021-08-20 00:00:00+05:30,1.0,0.56533474
2021-08-23 00:00:00+05:30,1.0,0.5378061
2021-08-24 00:00:00+05:30,1.0,0.54177254
2021-08-25 00:00:00+05:30,1.0,0.53795177
2021-08-26 00:00:00+05:30,1.0,0.54417163
2021-08-27 00:00:00+05:30,1.0,0.53727204
2021-08-30 00:00:00+05:30,1.0,0.6114864
2021-08-31 00:00:00+05:30,1.0,0.5926077
2021-09-01 00:00:00+05:30,1.0,0.5502932
2021-09-02 00:00:00+05:30,1.0,0.54514045
2021-09-03 00:00:00+05:30,1.0,0.5462057
2021-09-06 00:00:00+05:30,1.0,0.5377454
2021-09-07 00:00:00+05:30,1.0,0.5391652
2021-09-08 00:00:00+05:30,1.0,0.5392259
2021-09-09 00:00:00+05:30,1.0,0.54031754
2021-09-13 00:00:00+05:30,1.0,0.5383765
2021-09-14 00:00:00+05:30,1.0,0.54442596
2021-09-15 00:00:00+05:30,1.0,0.5401963
2021-09-16 00:00:00+05:30,1.0,0.537709
2021-09-17 00:00:00+05:30,1.0,0.5750989
2021-09-20 00:00:00+05:30,1.0,0.54359025
2021-09-21 00:00:00+05:30,1.0,0.54691964
2021-09-22 00:00:00+05:30,1.0,0.5397111
2021-09-23 00:00:00+05:30,1.0,0.5378061
2021-09-24 00:00:00+05:30,1.0,0.5446561
2021-09-27 00:00:00+05:30,1.0,0.5437598
2021-09-28 00:00:00+05:30,1.0,0.54648405
2021-09-29 00:00:00+05:30,1.0,0.56564665
2021-09-30 00:00:00+05:30,1.0,0.53820664
2021-10-01 00:00:00+05:30,1.0,0.53795177
2021-10-04 00:00:00+05:30,1.0,0.5433116
2021-10-05 00:00:00+05:30,1.0,0.5376605
2021-10-06 00:00:00+05:30,1.0,0.5424028
2021-10-07 00:00:00+05:30,1.0,0.53739345
2021-10-08 00:00:00+05:30,1.0,0.5376119
2021-10-11 00:00:00+05:30,1.0,0.53821874
2021-10-12 00:00:00+05:30,1.0,0.5614072
2021-10-13 00:00:00+05:30,1.0,0.5399537
2021-10-14 00:00:00+05:30,1.0,0.5737023
2021-10-18 00:00:00+05:30,1.0,0.5415058
2021-10-19 00:00:00+05:30,1.0,0.5535656
2021-10-20 00:00:00+05:30,1.0,0.54069346
2021-10-21 00:00:00+05:30,1.0,0.5370535
2021-10-22 00:00:00+05:30,1.0,0.5587002
2021-10-25 00:00:00+05:30,1.0,0.53700495
2021-10-26 00:00:00+05:30,1.0,0.5454915
2021-10-27 00:00:00+05:30,1.0,0.541421
2021-10-28 00:00:00+05:30,1.0,0.5401235
2021-10-29 00:00:00+05:30,1.0,0.5406692
2021-11-01 00:00:00+05:30,1.0,0.550704
2021-11-02 00:00:00+05:30,1.0,0.53722346
2021-11-03 00:00:00+05:30,1.0,0.5371021
2021-11-04 00:00:00+05:30,1.0,0.5371992
2021-11-08 00:00:00+05:30,1.0,0.54440176
2021-11-09 00:00:00+05:30,1.0,0.5376119
2021-11-10 00:00:00+05:30,1.0,0.5373449
2021-11-11 00:00:00+05:30,1.0,0.53717494
2021-11-12 00:00:00+05:30,1.0,0.5404631
2021-11-15 00:00:00+05:30,1.0,0.5814932
2021-11-16 00:00:00+05:30,1.0,0.53670144
2021-11-17 00:00:00+05:30,1.0,0.53682286
2021-11-18 00:00:00+05:30,1.0,0.55244315
2021-11-22 00:00:00+05:30,1.0,0.5681642
2021-11-23 00:00:00+05:30,1.0,0.5367136
2021-11-24 00:00:00+05:30,1.0,0.5534449
2021-11-25 00:00:00+05:30,1.0,0.5413604
2021-11-26 00:00:00+05:30,1.0,0.53982025
2021-11-29 00:00:00+05:30,1.0,0.53660434
2021-11-30 00:00:00+05:30,1.0,0.5397475
2021-12-01 00:00:00+05:30,1.0,0.5401963
2021-12-02 00:00:00+05:30,1.0,0.53712636
2021-12-03 00:00:00+05:30,1.0,0.5369321
2021-12-06 00:00:00+05:30,1.0,0.5405843
2021-12-07 00:00:00+05:30,1.0,0.55591744
2021-12-08 00:00:00+05:30,1.0,0.53891045
2021-12-09 00:00:00+05:30,1.0,0.544535
2021-12-10 00:00:00+05:30,1.0,0.53665286
2021-12-13 00:00:00+05:30,1.0,0.5644106
2021-12-14 00:00:00+05:30,1.0,0.5703433
2021-12-15 00:00:00+05:30,1.0,0.53690785
2021-12-16 00:00:00+05:30,1.0,0.5391167
2021-12-17 00:00:00+05:30,1.0,0.5369564
2021-12-20 00:00:00+05:30,1.0,0.53988093
2021-12-21 00:00:00+05:30,1.0,0.54263306
2021-12-22 00:00:00+05:30,1.0,0.53641003
2021-12-23 00:00:00+05:30,1.0,0.5395898
2021-12-24 00:00:00+05:30,1.0,0.5383644
2021-12-27 00:00:00+05:30,1.0,0.544535
2021-12-28 00:00:00+05:30,1.0,0.5485405
2021-12-29 00:00:00+05:30,1.0,0.5419301
2021-12-30 00:00:00+05:30,1.0,0.5372356
2021-12-31 00:00:00+05:30,1.0,0.54643565
2022-01-03 00:00:00+05:30,1.0,0.544644
2022-01-04 00:00:00+05:30,1.0,0.54117846
2022-01-05 00:00:00+05:30,1.0,0.5794718
2022-01-06 00:00:00+05:30,1.0,0.5362158
2022-01-07 00:00:00+05:30,1.0,0.5438083
2022-01-10 00:00:00+05:30,1.0,0.53855854
2022-01-11 00:00:00+05:30,1.0,0.545431
2022-01-12 00:00:00+05:30,1.0,0.5480689
2022-01-13 00:00:00+05:30,1.0,0.5361186
2022-01-14 00:00:00+05:30,1.0,0.54576993
2022-01-17 00:00:00+05:30,1.0,0.53781825
2022-01-18 00:00:00+05:30,1.0,0.5382309
2022-01-19 00:00:00+05:30,1.0,0.54236645
2022-01-20 00:00:00+05:30,1.0,0.5360579
2022-01-21 00:00:00+05:30,1.0,0.5530467
2022-01-24 00:00:00+05:30,1.0,0.54711324
2022-01-25 00:00:00+05:30,1.0,0.53656787
2022-01-27 00:00:00+05:30,1.0,0.537709
2022-01-28 00:00:00+05:30,1.0,0.5409239
2022-01-31 00:00:00+05:30,1.0,0.53730845
2022-02-01 00:00:00+05:30,1.0,0.5386313
2022-02-02 00:00:00+05:30,1.0,0.53610647
2022-02-03 00:00:00+05:30,1.0,0.5361672
2022-02-04 00:00:00+05:30,1.0,0.5401599
2022-02-07 00:00:00+05:30,1.0,0.5498098
2022-02-08 00:00:00+05:30,1.0,0.54699224
2022-02-09 00:00:00+05:30,1.0,0.5372478
2022-02-10 00:00:00+05:30,1.0,0.5769234
2022-02-11 00:00:00+05:30,1.0,0.5686434
2022-02-14 00:00:00+05:30,1.0,0.5419907
2022-02-15 00:00:00+05:30,1.0,0.5431662
2022-02-16 00:00:00+05:30,1.0,0.541918
2022-02-17 00:00:00+05:30,1.0,0.53607005
2022-02-18 00:00:00+05:30,1.0,0.54877025
2022-02-21 00:00:00+05:30,1.0,0.53876483
2022-02-22 00:00:00+05:30,1.0,0.53753906
2022-02-23 00:00:00+05:30,1.0,0.53877693
2022-02-24 00:00:00+05:30,1.0,0.600329
2022-02-25 00:00:00+05:30,1.0,0.5859425
2022-02-28 00:00:00+05:30,1.0,0.54062074
2022-03-02 00:00:00+05:30,1.0,0.53718704
2022-03-03 00:00:00+05:30,1.0,0.5384129
2022-03-04 00:00:00+05:30,1.0,0.54968894
2022-03-07 00:00:00+05:30,1.0,0.563426
2022-03-08 00:00:00+05:30,1.0,0.5382794
2022-03-09 00:00:00+05:30,1.0,0.5488428
2022-03-10 00:00:00+05:30,1.0,0.53596073
2022-03-11 00:00:00+05:30,1.0,0.53917736
2022-03-14 00:00:00+05:30,1.0,0.53912884
2022-03-15 00:00:00+05:30,1.0,0.5392137
2022-03-16 00:00:00+05:30,1.0,0.53982025
2022-03-17 00:00:00+05:30,1.0,0.5747051
2022-03-21 00:00:00+05:30,1.0,0.53643435
2022-03-22 00:00:00+05:30,1.0,0.55171865
2022-03-23 00:00:00+05:30,1.0,0.53772116
2022-03-24 00:00:00+05:30,1.0,0.5361429
2022-03-25 00:00:00+05:30,1.0,0.5473431
2022-03-28 00:00:00+05:30,1.0,0.5369807
2022-03-29 00:00:00+05:30,1.0,0.56375027
2022-03-30 00:00:00+05:30,1.0,0.5381702
2022-03-31 00:00:00+05:30,1.0,0.56214046
2022-04-01 00:00:00+05:30,1.0,0.53627646
2022-04-04 00:00:00+05:30,1.0,0.53664076
2022-04-05 00:00:00+05:30,1.0,0.5602406
2022-04-06 00:00:00+05:30,1.0,0.60214347
2022-04-07 00:00:00+05:30,1.0,0.54311776
2022-04-08 00:00:00+05:30,1.0,0.5386313
2022-04-11 00:00:00+05:30,1.0,0.5440263
2022-04-12 00:00:00+05:30,1.0,0.53634936
2022-04-13 00:00:00+05:30,1.0,0.53591216
2022-04-18 00:00:00+05:30,1.0,0.5357664
2022-04-19 00:00:00+05:30,1.0,0.5368107
2022-04-20 00:00:00+05:30,1.0,0.6865592
2022-04-21 00:00:00+05:30,1.0,0.54779065
2022-04-22 00:00:00+05:30,1.0,0.5491934
2022-04-25 00:00:00+05:30,1.0,0.5364222
2022-04-26 00:00:00+05:30,1.0,0.5396747
2022-04-27 00:00:00+05:30,1.0,0.5359972
2022-04-28 00:00:00+05:30,1.0,0.5586521
2022-04-29 00:00:00+05:30,1.0,0.56042105
2022-05-02 00:00:00+05:30,1.0,0.5882743
2022-05-04 00:00:00+05:30,1.0,0.573762
2022-05-05 00:00:00+05:30,1.0,0.53626436
2022-05-06 00:00:00+05:30,1.0,0.54713744
2022-05-09 00:00:00+05:30,1.0,0.53712636
2022-05-10 00:00:00+05:30,1.0,0.5424997
2022-05-11 00:00:00+05:30,1.0,0.5361672
2022-05-12 00:00:00+05:30,1.0,0.5393229
2022-05-13 00:00:00+05:30,1.0,0.54791164
2022-05-16 00:00:00+05:30,1.0,0.5367136
2022-05-17 00:00:00+05:30,1.0,0.53607005
2022-05-18 00:00:00+05:30,1.0,0.5430087
2022-05-19 00:00:00+05:30,1.0,0.53888613
2022-05-20 00:00:00+05:30,1.0,0.5400871
2022-05-23 00:00:00+05:30,1.0,0.5475609
2022-05-24 00:00:00+05:30,1.0,0.536835
2022-05-25 00:00:00+05:30,1.0,0.5442201
2022-05-26 00:00:00+05:30,1.0,0.54219675
2022-05-27 00:00:00+05:30,1.0,0.543457
2022-05-30 00:00:00+05:30,1.0,0.5362036
2022-05-31 00:00:00+05:30,1.0,0.53877693
2022-06-01 00:00:00+05:30,1.0,0.55193603
2022-06-02 00:00:00+05:30,1.0,0.5588567
2022-06-03 00:00:00+05:30,1.0,0.5547599
2022-06-06 00:00:00+05:30,1.0,0.5458305
2022-06-07 00:00:00+05:30,1.0,0.53615505
2022-06-08 00:00:00+05:30,1.0,0.5518877
2022-06-09 00:00:00+05:30,1.0,0.53598505
2022-06-10 00:00:00+05:30,1.0,0.5358636
2022-06-13 00:00:00+05:30,1.0,0.5411906
2022-06-14 00:00:00+05:30,1.0,0.53582716
2022-06-15 00:00:00+05:30,1.0,0.5361429
2022-06-16 00:00:00+05:30,1.0,0.53641003
2022-06-17 00:00:00+05:30,1.0,0.54068136
2022-06-20 00:00:00+05:30,1.0,0.53660434
2022-06-21 00:00:00+05:30,1.0,0.53610647
2022-06-22 00:00:00+05:30,1.0,0.53594863
2022-06-23 00:00:00+05:30,1.0,0.53573
2022-06-24 00:00:00+05:30,1.0,0.53844935
2022-06-27 00:00:00+05:30,1.0,0.5355721
2022-06-28 00:00:00+05:30,1.0,0.53786683
2022-06-29 00:00:00+05:30,1.0,0.53655577
2022-06-30 00:00:00+05:30,1.0,0.5364829
2022-07-01 00:00:00+05:30,1.0,0.5446803
2022-07-04 00:00:00+05:30,1.0,0.53952914
2022-07-05 00:00:00+05:30,1.0,0.53547496
2022-07-06 00:00:00+05:30,1.0,0.5358393
2022-07-07 00:00:00+05:30,1.0,0.53956556
2022-07-08 00:00:00+05:30,1.0,0.5358515
2022-07-11 00:00:00+05:30,1.0,0.53552353
2022-07-12 00:00:00+05:30,1.0,0.5354507
2022-07-13 00:00:00+05:30,1.0,0.5354142
2022-07-14 00:00:00+05:30,1.0,0.5375634
2022-07-15 00:00:00+05:30,1.0,0.5399052
2022-07-18 00:00:00+05:30,1.0,0.5388983
2022-07-19 00:00:00+05:30,1.0,0.5376605
2022-07-20 00:00:00+05:30,1.0,0.53694427
2022-07-21 00:00:00+05:30,1.0,0.53627646
2022-07-22 00:00:00+05:30,1.0,0.5499307
2022-07-25 00:00:00+05:30,1.0,0.53906816
2022-07-26 00:00:00+05:30,1.0,0.5360579
2022-07-27 00:00:00+05:30,1.0,0.5367622
2022-07-28 00:00:00+05:30,1.0,0.53513485
2022-07-29 00:00:00+05:30,1.0,0.53914094
2022-08-01 00:00:00+05:30,1.0,0.5351834
2022-08-02 00:00:00+05:30,1.0,0.5363858
2022-08-03 00:00:00+05:30,1.0,0.5353049
2022-08-04 00:00:00+05:30,1.0,0.5417483
2022-08-05 00:00:00+05:30,1.0,0.53665286
2022-08-08 00:00:00+05:30,1.0,0.53786683
2022-08-10 00:00:00+05:30,1.0,0.54912084
2022-08-11 00:00:00+05:30,1.0,0.5350013
2022-08-12 00:00:00+05:30,1.0,0.550402
2022-08-16 00:00:00+05:30,1.0,0.6796254
2022-08-17 00:00:00+05:30,1.0,0.54843163
2022-08-18 00:00:00+05:30,1.0,0.5358636
2022-08-19 00:00:00+05:30,1.0,0.5420756
2022-08-22 00:00:00+05:30,1.0,0.5362279
2022-08-23 00:00:00+05:30,1.0,0.5373449
2022-08-24 00:00:00+05:30,1.0,0.53670144
2022-08-25 00:00:00+05:30,1.0,0.53524417
2022-08-26 00:00:00+05:30,1.0,0.53730845
2022-08-29 00:00:00+05:30,1.0,0.53917736
2022-08-30 00:00:00+05:30,1.0,0.55689365
2022-09-01 00:00:00+05:30,1.0,0.5449346
2022-09-02 00:00:00+05:30,1.0,0.5351956
2022-09-05 00:00:00+05:30,1.0,0.5355357
2022-09-06 00:00:00+05:30,1.0,0.5356814
2022-09-07 00:00:00+05:30,1.0,0.5349891
2022-09-08 00:00:00+05:30,1.0,0.53821874
2022-09-09 00:00:00+05:30,1.0,0.66502994
2022-09-12 00:00:00+05:30,1.0,0.54116637
2022-09-13 00:00:00+05:30,1.0,0.5351834
2022-09-14 00:00:00+05:30,1.0,0.5353292
2022-09-15 00:00:00+05:30,1.0,0.55874836
2022-09-16 00:00:00+05:30,1.0,0.53908026
2022-09-19 00:00:00+05:30,1.0,0.5456247
2022-09-20 00:00:00+05:30,1.0,0.5381945
2022-09-21 00:00:00+05:30,1.0,0.53700495
2022-09-22 00:00:00+05:30,1.0,0.5481414
2022-09-23 00:00:00+05:30,1.0,0.53517133
2022-09-26 00:00:00+05:30,1.0,0.54263306
2022-09-27 00:00:00+05:30,1.0,0.5396019
2022-09-28 00:00:00+05:30,1.0,0.5428996
2022-09-29 00:00:00+05:30,1.0,0.53702927
2022-09-30 00:00:00+05:30,1.0,0.53672576
2022-10-03 00:00:00+05:30,1.0,0.5388498
2022-10-04 00:00:00+05:30,1.0,0.5357543
2022-10-06 00:00:00+05:30,1.0,0.54869765
2022-10-07 00:00:00+05:30,1.0,0.5476576
2022-10-10 00:00:00+05:30,1.0,0.5390924
2022-10-11 00:00:00+05:30,1.0,0.53504986
2022-10-12 00:00:00+05:30,1.0,0.54291177
2022-10-13 00:00:00+05:30,1.0,0.5400871
2022-10-14 00:00:00+05:30,1.0,0.53552353
2022-10-17 00:00:00+05:30,1.0,0.5434449
2022-10-18 00:00:00+05:30,1.0,0.5522741
2022-10-19 00:00:00+05:30,1.0,0.5358515
2022-10-20 00:00:00+05:30,1.0,0.5400386
2022-10-21 00:00:00+05:30,1.0,0.5362522
2022-10-24 00:00:00+05:30,1.0,0.53483117
2022-10-25 00:00:00+05:30,1.0,0.5501603
2022-10-27 00:00:00+05:30,1.0,0.5396262
2022-10-28 00:00:00+05:30,1.0,0.54520094
2022-10-31 00:00:00+05:30,1.0,0.5922422
2022-11-01 00:00:00+05:30,1.0,0.5348433
2022-11-02 00:00:00+05:30,1.0,0.5374541
2022-11-03 00:00:00+05:30,1.0,0.53615505
2022-11-04 00:00:00+05:30,1.0,0.5348069
2022-11-07 00:00:00+05:30,1.0,0.5390439
2022-11-09 00:00:00+05:30,1.0,0.534734
2022-11-10 00:00:00+05:30,1.0,0.534734
2022-11-11 00:00:00+05:30,1.0,0.5560862
2022-11-14 00:00:00+05:30,1.0,0.53598505
2022-11-15 00:00:00+05:30,1.0,0.5450799
2022-11-16 00:00:00+05:30,1.0,0.5433237
2022-11-17 00:00:00+05:30,1.0,0.5407905
2022-11-18 00:00:00+05:30,1.0,0.53975964
2022-11-21 00:00:00+05:30,1.0,0.53749055
2022-11-22 00:00:00+05:30,1.0,0.5373206
2022-11-23 00:00:00+05:30,1.0,0.5401478
2022-11-24 00:00:00+05:30,1.0,0.5350377
2022-11-25 00:00:00+05:30,1.0,0.538328
2022-11-28 00:00:00+05:30,1.0,0.53980815
2022-11-29 00:00:00+05:30,1.0,0.53497696
2022-11-30 00:00:00+05:30,1.0,0.537794
2022-12-01 00:00:00+05:30,1.0,0.53461254
2022-12-02 00:00:00+05:30,1.0,0.5377454
2022-12-05 00:00:00+05:30,1.0,0.54568523
2022-12-06 00:00:00+05:30,1.0,0.5344789
2022-12-07 00:00:00+05:30,1.0,0.53468543
2022-12-08 00:00:00+05:30,1.0,0.5389953
2022-12-09 00:00:00+05:30,1.0,0.53453964
2022-12-12 00:00:00+05:30,1.0,0.53450316
2022-12-13 00:00:00+05:30,1.0,0.5362279
2022-12-14 00:00:00+05:30,1.0,0.53446674
2022-12-15 00:00:00+05:30,1.0,0.53435737
2022-12-16 00:00:00+05:30,1.0,0.54005075
2022-12-19 00:00:00+05:30,1.0,0.53552353
2022-12-20 00:00:00+05:30,1.0,0.55023277
2022-12-21 00:00:00+05:30,1.0,0.53429663
2022-12-22 00:00:00+05:30,1.0,0.53825516
2022-12-23 00:00:00+05:30,1.0,0.557749
2022-12-26 00:00:00+05:30,1.0,0.5484075
2022-12-27 00:00:00+05:30,1.0,0.5418695
2022-12-28 00:00:00+05:30,1.0,0.53434527
2022-12-29 00:00:00+05:30,1.0,0.5559898
2022-12-30 00:00:00+05:30,1.0,0.5568093
2023-01-02 00:00:00+05:30,1.0,0.5387891
2023-01-03 00:00:00+05:30,1.0,0.534734
2023-01-04 00:00:00+05:30,1.0,0.5348798
2023-01-05 00:00:00+05:30,1.0,0.5379639
2023-01-06 00:00:00+05:30,1.0,0.54005075
2023-01-09 00:00:00+05:30,1.0,0.5613831
2023-01-10 00:00:00+05:30,1.0,0.5342724
2023-01-11 00:00:00+05:30,1.0,0.5359972
2023-01-12 00:00:00+05:30,1.0,0.53517133
2023-01-13 00:00:00+05:30,1.0,0.5342845
2023-01-16 00:00:00+05:30,1.0,0.5341873
2023-01-17 00:00:00+05:30,1.0,0.53424805
2023-01-18 00:00:00+05:30,1.0,0.53486764
2023-01-19 00:00:00+05:30,1.0,0.53801244
2023-01-20 00:00:00+05:30,1.0,0.54237854
2023-01-23 00:00:00+05:30,1.0,0.53596073
2023-01-24 00:00:00+05:30,1.0,0.5445229
2023-01-25 00:00:00+05:30,1.0,0.53464895
2023-01-27 00:00:00+05:30,1.0,0.5568334
2023-01-30 00:00:00+05:30,1.0,0.5572912
2023-01-31 00:00:00+05:30,1.0,0.5341265
2023-02-01 00:00:00+05:30,1.0,0.53429663
2023-02-02 00:00:00+05:30,1.0,0.5342116
2023-02-03 00:00:00+05:30,1.0,0.5381945
2023-02-06 00:00:00+05:30,1.0,0.5353049
2023-02-07 00:00:00+05:30,1.0,0.5341873
2023-02-08 00:00:00+05:30,1.0,0.5350013
2023-02-09 00:00:00+05:30,1.0,0.5342116
2023-02-10 00:00:00+05:30,1.0,0.53565717
2023-02-13 00:00:00+05:30,1.0,0.54009926
2023-02-14 00:00:00+05:30,1.0,0.5409845
2023-02-15 00:00:00+05:30,1.0,0.5339443
2023-02-16 00:00:00+05:30,1.0,0.53661644
2023-02-17 00:00:00+05:30,1.0,0.5347826
2023-02-20 00:00:00+05:30,1.0,0.53815806
2023-02-21 00:00:00+05:30,1.0,0.5353049
2023-02-22 00:00:00+05:30,1.0,0.53472185
2023-02-23 00:00:00+05:30,1.0,0.5354871
2023-02-24 00:00:00+05:30,1.0,0.53429663
2023-02-27 00:00:00+05:30,1.0,0.53468543
2023-02-28 00:00:00+05:30,1.0,0.5359243
2023-03-01 00:00:00+05:30,1.0,0.538061
2023-03-02 00:00:00+05:30,1.0,0.5364829
2023-03-03 00:00:00+05:30,1.0,0.5362886
2023-03-06 00:00:00+05:30,1.0,0.53565717
2023-03-08 00:00:00+05:30,1.0,0.5375027
2023-03-09 00:00:00+05:30,1.0,0.553819
2023-03-10 00:00:00+05:30,1.0,0.534734
2023-03-13 00:00:00+05:30,1.0,0.53495264
2023-03-14 00:00:00+05:30,1.0,0.53566927
2023-03-15 00:00:00+05:30,1.0,0.53370124
2023-03-16 00:00:00+05:30,1.0,0.53626436
2023-03-17 00:00:00+05:30,1.0,0.5363129
2023-03-20 00:00:00+05:30,1.0,0.5380367
2023-03-21 00:00:00+05:30,1.0,0.53565717
2023-03-22 00:00:00+05:30,1.0,0.5336648
2023-03-23 00:00:00+05:30,1.0,0.5336405
2023-03-24 00:00:00+05:30,1.0,0.53830373
2023-03-27 00:00:00+05:30,1.0,0.53402936
2023-03-28 00:00:00+05:30,1.0,0.54388094
2023-03-29 00:00:00+05:30,1.0,0.53348255
2023-03-31 00:00:00+05:30,1.0,0.54664135
2023-04-03 00:00:00+05:30,1.0,0.5424876
2023-04-05 00:00:00+05:30,1.0,0.55568844
2023-04-06 00:00:00+05:30,1.0,0.5451162
2023-04-10 00:00:00+05:30,1.0,0.54265726
2023-04-11 00:00:00+05:30,1.0,0.5418695
2023-04-12 00:00:00+05:30,1.0,0.60265803
2023-04-13 00:00:00+05:30,1.0,0.53975964
2023-04-17 00:00:00+05:30,1.0,0.53370124
2023-04-18 00:00:00+05:30,1.0,0.5399658
2023-04-19 00:00:00+05:30,1.0,0.53552353
2023-04-20 00:00:00+05:30,1.0,0.5362158
2023-04-21 00:00:00+05:30,1.0,0.54898787
2023-04-24 00:00:00+05:30,1.0,0.5356086
2023-04-25 00:00:00+05:30,1.0,0.54471666
2023-04-26 00:00:00+05:30,1.0,0.5335068
2023-04-27 00:00:00+05:30,1.0,0.54535836
2023-04-28 00:00:00+05:30,1.0,0.53781825
2023-05-02 00:00:00+05:30,1.0,0.5506557
2023-05-03 00:00:00+05:30,1.0,0.53339744
2023-05-04 00:00:00+05:30,1.0,0.534734
2023-05-05 00:00:00+05:30,1.0,0.533677
2023-05-08 00:00:00+05:30,1.0,0.5373206
2023-05-09 00:00:00+05:30,1.0,0.5335433
2023-05-10 00:00:00+05:30,1.0,0.5337742
2023-05-11 00:00:00+05:30,1.0,0.53393215
2023-05-12 00:00:00+05:30,1.0,0.5513443
2023-05-15 00:00:00+05:30,1.0,0.5612389
2023-05-16 00:00:00+05:30,1.0,0.54665345
2023-05-17 00:00:00+05:30,1.0,0.5474399
2023-05-18 00:00:00+05:30,1.0,0.54096025
2023-05-19 00:00:00+05:30,1.0,0.5396626
2023-05-22 00:00:00+05:30,1.0,0.5356814
2023-05-23 00:00:00+05:30,1.0,0.53328806
2023-05-24 00:00:00+05:30,1.0,0.53368914
2023-05-25 00:00:00+05:30,1.0,0.56559867
2023-05-26 00:00:00+05:30,1.0,0.5335919
2023-05-29 00:00:00+05:30,1.0,0.5347826
2023-05-30 00:00:00+05:30,1.0,0.53368914
2023-05-31 00:00:00+05:30,1.0,0.5437719
2023-06-01 00:00:00+05:30,1.0,0.5544584
2023-06-02 00:00:00+05:30,1.0,0.53402936
2023-06-05 00:00:00+05:30,1.0,0.54575783
2023-06-06 00:00:00+05:30,1.0,0.534163
2023-06-07 00:00:00+05:30,1.0,0.61843485
2023-06-08 00:00:00+05:30,1.0,0.53429663
2023-06-09 00:00:00+05:30,1.0,0.54081476
2023-06-12 00:00:00+05:30,1.0,0.5344546
2023-06-13 00:00:00+05:30,1.0,0.53744197
2023-06-14 00:00:00+05:30,1.0,0.5349648
2023-06-15 00:00:00+05:30,1.0,0.5332395
2023-06-16 00:00:00+05:30,1.0,0.53682286
2023-06-19 00:00:00+05:30,1.0,0.53502554
2023-06-20 00:00:00+05:30,1.0,0.55358976
2023-06-21 00:00:00+05:30,1.0,0.5354628
2023-06-22 00:00:00+05:30,1.0,0.53305715
2023-06-23 00:00:00+05:30,1.0,0.5320361
2023-06-26 00:00:00+05:30,1.0,0.5597714
2023-06-27 00:00:00+05:30,1.0,0.5338228
2023-06-28 00:00:00+05:30,1.0,0.53559643
2023-06-30 00:00:00+05:30,1.0,0.5335919
2023-07-03 00:00:00+05:30,1.0,0.5332273
2023-07-04 00:00:00+05:30,1.0,0.54303294
2023-07-05 00:00:00+05:30,1.0,0.5361186
2023-07-06 00:00:00+05:30,1.0,0.5367986
2023-07-07 00:00:00+05:30,1.0,0.53383493
2023-07-10 00:00:00+05:30,1.0,0.5317687
2023-07-11 00:00:00+05:30,1.0,0.5333002
2023-07-12 00:00:00+05:30,1.0,0.5336648
2023-07-13 00:00:00+05:30,1.0,0.5319875
2023-07-14 00:00:00+05:30,1.0,0.55526644
2023-07-17 00:00:00+05:30,1.0,0.5375998
2023-07-18 00:00:00+05:30,1.0,0.5373206
2023-07-19 00:00:00+05:30,1.0,0.53395647
2023-07-20 00:00:00+05:30,1.0,0.53253454
2023-07-21 00:00:00+05:30,1.0,0.5355843
2023-07-24 00:00:00+05:30,1.0,0.5343817
2023-07-25 00:00:00+05:30,1.0,0.52665925
2023-07-26 00:00:00+05:30,1.0,0.52783984
2023-07-27 00:00:00+05:30,1.0,0.52976215
2023-07-28 00:00:00+05:30,1.0,0.5266471
2023-07-31 00:00:00+05:30,1.0,0.54048735
2023-08-01 00:00:00+05:30,1.0,0.58085144
2023-08-02 00:00:00+05:30,1.0,0.52675664
2023-08-03 00:00:00+05:30,1.0,0.5548926
2023-08-04 00:00:00+05:30,1.0,0.563426
2023-08-07 00:00:00+05:30,1.0,0.6790404
2023-08-08 00:00:00+05:30,1.0,0.57367843
2023-08-09 00:00:00+05:30,1.0,0.5402933
2023-08-10 00:00:00+05:30,1.0,0.5473673
2023-08-11 00:00:00+05:30,1.0,0.5369807
2023-08-14 00:00:00+05:30,1.0,0.53880125
2023-08-16 00:00:00+05:30,1.0,0.5386192
2023-08-17 00:00:00+05:30,1.0,0.5374663
2023-08-18 00:00:00+05:30,1.0,0.53877693
2023-08-21 00:00:00+05:30,1.0,0.5528536
2023-08-22 00:00:00+05:30,1.0,0.5529984
2023-08-23 00:00:00+05:30,1.0,0.538692
2023-08-24 00:00:00+05:30,1.0,0.5550132
2023-08-25 00:00:00+05:30,1.0,0.5404024
2023-08-28 00:00:00+05:30,1.0,0.5317687
2023-08-29 00:00:00+05:30,1.0,0.5342602
2023-08-30 00:00:00+05:30,1.0,0.54185736
2023-08-31 00:00:00+05:30,1.0,0.54292387
2023-09-01 00:00:00+05:30,1.0,0.5483712
2023-09-04 00:00:00+05:30,1.0,0.5319024
2023-09-05 00:00:00+05:30,1.0,0.554579
2023-09-06 00:00:00+05:30,1.0,0.53513485
2023-09-07 00:00:00+05:30,1.0,0.5426088
2023-09-08 00:00:00+05:30,1.0,0.53184164
2023-09-11 00:00:00+05:30,1.0,0.55106646
2023-09-12 00:00:00+05:30,1.0,0.53332454
2023-09-13 00:00:00+05:30,1.0,0.61197346
2023-09-14 00:00:00+05:30,1.0,0.531793
2023-09-15 00:00:00+05:30,1.0,0.54273
2023-09-18 00:00:00+05:30,1.0,0.531793
2023-09-20 00:00:00+05:30,1.0,0.56338996
2023-09-21 00:00:00+05:30,1.0,0.53184164
2023-09-22 00:00:00+05:30,1.0,0.54655665
2023-09-25 00:00:00+05:30,1.0,0.54212403
2023-09-26 00:00:00+05:30,1.0,0.53717494
2023-09-27 00:00:00+05:30,1.0,0.53449106
2023-09-28 00:00:00+05:30,1.0,0.53370124
2023-09-29 00:00:00+05:30,1.0,0.53260744
2023-10-03 00:00:00+05:30,1.0,0.57008004
2023-10-04 00:00:00+05:30,1.0,0.56665415
2023-10-05 00:00:00+05:30,1.0,0.53742987
2023-10-06 00:00:00+05:30,1.0,0.5324494
2023-10-09 00:00:00+05:30,1.0,0.5348919
2023-10-10 00:00:00+05:30,1.0,0.54719794
2023-10-11 00:00:00+05:30,1.0,0.5545308
2023-10-12 00:00:00+05:30,1.0,0.53392
2023-10-13 00:00:00+05:30,1.0,0.53178084
2023-10-16 00:00:00+05:30,1.0,0.53566927
2023-10-17 00:00:00+05:30,1.0,0.53275335
2023-10-18 00:00:00+05:30,1.0,0.5321942
2023-10-19 00:00:00+05:30,1.0,0.5317322
2023-10-20 00:00:00+05:30,1.0,0.5322063
2023-10-23 00:00:00+05:30,1.0,0.5354507
2023-10-25 00:00:00+05:30,1.0,0.53855854
2023-10-26 00:00:00+05:30,1.0,0.563402
2023-10-27 00:00:00+05:30,1.0,0.54539466
2023-10-30 00:00:00+05:30,1.0,0.5404146
2023-10-31 00:00:00+05:30,1.0,0.53259534
2023-11-01 00:00:00+05:30,1.0,0.531793
2023-11-02 00:00:00+05:30,1.0,0.5325467
2023-11-03 00:00:00+05:30,1.0,0.53302073
2023-11-06 00:00:00+05:30,1.0,0.54597574
2023-11-07 00:00:00+05:30,1.0,0.5318903
2023-11-08 00:00:00+05:30,1.0,0.53591216
2023-11-09 00:00:00+05:30,1.0,0.5316957
2023-11-10 00:00:00+05:30,1.0,0.5317687
2023-11-12 00:00:00+05:30,1.0,0.5317687
2023-11-13 00:00:00+05:30,1.0,0.53295994
2023-11-15 00:00:00+05:30,1.0,0.5331787
2023-11-16 00:00:00+05:30,1.0,0.5456368
2023-11-17 00:00:00+05:30,1.0,0.53651935
2023-11-20 00:00:00+05:30,1.0,0.5410451
2023-11-21 00:00:00+05:30,1.0,0.5522258
2023-11-22 00:00:00+05:30,1.0,0.5389832
2023-11-23 00:00:00+05:30,1.0,0.53172004
2023-11-24 00:00:00+05:30,1.0,0.5329113
2023-11-28 00:00:00+05:30,1.0,0.5410572
2023-11-29 00:00:00+05:30,1.0,0.5381217
2023-11-30 00:00:00+05:30,1.0,0.5587002
2023-12-01 00:00:00+05:30,1.0,0.54436547
2023-12-04 00:00:00+05:30,1.0,0.6060089
2023-12-05 00:00:00+05:30,1.0,0.5363736
2023-12-06 00:00:00+05:30,1.0,0.5708338
2023-12-07 00:00:00+05:30,1.0,0.5379639
2023-12-08 00:00:00+05:30,1.0,0.5346368
2023-12-11 00:00:00+05:30,1.0,0.5341873
2023-12-12 00:00:00+05:30,1.0,0.5371385
2023-12-13 00:00:00+05:30,1.0,0.55346906
2023-12-14 00:00:00+05:30,1.0,0.54962856
2023-12-15 00:00:00+05:30,1.0,0.5462541
2023-12-18 00:00:00+05:30,1.0,0.5351106
2023-12-19 00:00:00+05:30,1.0,0.5491813
2023-12-20 00:00:00+05:30,1.0,0.54372346
2023-12-21 00:00:00+05:30,1.0,0.5317565
2023-12-22 00:00:00+05:30,1.0,0.5318781
2023-12-26 00:00:00+05:30,1.0,0.5638223
2023-12-27 00:00:00+05:30,1.0,0.53165925
2023-12-28 00:00:00+05:30,1.0,0.53292346
2023-12-29 00:00:00+05:30,1.0,0.53153765
2024-01-01 00:00:00+05:30,1.0,0.53151333
2024-01-02 00:00:00+05:30,1.0,0.53876483
2024-01-03 00:00:00+05:30,1.0,0.53804886
2024-01-04 00:00:00+05:30,1.0,0.62714094
2024-01-05 00:00:00+05:30,1.0,0.5572912
2024-01-08 00:00:00+05:30,1.0,0.5380853
2024-01-09 00:00:00+05:30,1.0,0.5362158
2024-01-10 00:00:00+05:30,1.0,0.5433358
2024-01-11 00:00:00+05:30,1.0,0.53365266
2024-01-12 00:00:00+05:30,1.0,0.53383493
2024-01-15 00:00:00+05:30,1.0,0.5370778
2024-01-16 00:00:00+05:30,1.0,0.53712636
2024-01-17 00:00:00+05:30,1.0,0.5378547
2024-01-18 00:00:00+05:30,1.0,0.56660616
2024-01-19 00:00:00+05:30,1.0,0.5606496
2024-01-20 00:00:00+05:30,1.0,0.54156643
2024-01-23 00:00:00+05:30,1.0,0.5575442
2024-01-24 00:00:00+05:30,1.0,0.5940568
2024-01-25 00:00:00+05:30,1.0,0.5333367
2024-01-29 00:00:00+05:30,1.0,0.53517133
2024-01-30 00:00:00+05:30,1.0,0.5355357
2024-01-31 00:00:00+05:30,1.0,0.60627705
2024-02-01 00:00:00+05:30,1.0,0.54702854
2024-02-02 00:00:00+05:30,1.0,0.5836424
2024-02-05 00:00:00+05:30,1.0,0.5490241
2024-02-06 00:00:00+05:30,1.0,0.5637743
2024-02-07 00:00:00+05:30,1.0,0.53439385
2024-02-08 00:00:00+05:30,1.0,0.55679727
2024-02-09 00:00:00+05:30,1.0,0.53469753
2024-02-12 00:00:00+05:30,1.0,0.531793
2024-02-13 00:00:00+05:30,1.0,0.5445592
2024-02-14 00:00:00+05:30,1.0,0.5449346
2024-02-15 00:00:00+05:30,1.0,0.5410572
2024-02-16 00:00:00+05:30,1.0,0.5317687
2024-02-19 00:00:00+05:30,1.0,0.550414
2024-02-20 00:00:00+05:30,1.0,0.54603624
2024-02-21 00:00:00+05:30,1.0,0.5379032
2024-02-22 00:00:00+05:30,1.0,0.5318295
2024-02-23 00:00:00+05:30,1.0,0.53379846
2024-02-26 00:00:00+05:30,1.0,0.5428875
2024-02-27 00:00:00+05:30,1.0,0.5369321
2024-02-28 00:00:00+05:30,1.0,0.5317079
2024-02-29 00:00:00+05:30,1.0,0.6414336
2024-03-01 00:00:00+05:30,1.0,0.64915615
2024-03-02 00:00:00+05:30,1.0,0.57088166
2024-03-04 00:00:00+05:30,1.0,0.55410856
2024-03-05 00:00:00+05:30,1.0,0.54660505
2024-03-06 00:00:00+05:30,1.0,0.5622967
2024-03-07 00:00:00+05:30,1.0,0.5375148
2024-03-11 00:00:00+05:30,1.0,0.5397354
2024-03-12 00:00:00+05:30,1.0,0.5331058
2024-03-13 00:00:00+05:30,1.0,0.5552182
2024-03-14 00:00:00+05:30,1.0,0.5401478
2024-03-15 00:00:00+05:30,1.0,0.53502554
2024-03-18 00:00:00+05:30,1.0,0.5331787
2024-03-19 00:00:00+05:30,1.0,0.5330329
2024-03-20 00:00:00+05:30,1.0,0.5501965
2024-03-21 00:00:00+05:30,1.0,0.53678644
2024-03-22 00:00:00+05:30,1.0,0.53717494
2024-03-26 00:00:00+05:30,1.0,0.5780433
2024-03-27 00:00:00+05:30,1.0,0.55410856
2024-03-28 00:00:00+05:30,1.0,0.5407056
2024-04-01 00:00:00+05:30,1.0,0.5337377
2024-04-02 00:00:00+05:30,1.0,0.533203
2024-04-03 00:00:00+05:30,1.0,0.533045
2024-04-04 00:00:00+05:30,1.0,0.5320118
2024-04-05 00:00:00+05:30,1.0,0.54459554
2024-04-08 00:00:00+05:30,1.0,0.5383401
2024-04-09 00:00:00+05:30,1.0,0.533045
2024-04-10 00:00:00+05:30,1.0,0.5689188
2024-04-12 00:00:00+05:30,1.0,0.5323765
2024-04-15 00:00:00+05:30,1.0,0.5762797
2024-04-16 00:00:00+05:30,1.0,0.5419907
2024-04-18 00:00:00+05:30,1.0,0.58564633
2024-04-19 00:00:00+05:30,1.0,0.5347826
2024-04-22 00:00:00+05:30,1.0,0.5424997
2024-04-23 00:00:00+05:30,1.0,0.53305715
2024-04-24 00:00:00+05:30,1.0,0.61388487
2024-04-25 00:00:00+05:30,1.0,0.5359365
2024-04-26 00:00:00+05:30,1.0,0.5332638
2024-04-29 00:00:00+05:30,1.0,0.566786
2024-04-30 00:00:00+05:30,1.0,0.5331301
2024-05-02 00:00:00+05:30,1.0,0.5546514
2024-05-03 00:00:00+05:30,1.0,0.53348255
2024-05-06 00:00:00+05:30,1.0,0.54081476
2024-05-07 00:00:00+05:30,1.0,0.556267
2024-05-08 00:00:00+05:30,1.0,0.5334096
2024-05-09 00:00:00+05:30,1.0,0.5361672
2024-05-10 00:00:00+05:30,1.0,0.5387284
2024-05-13 00:00:00+05:30,1.0,0.53814596
2024-05-14 00:00:00+05:30,1.0,0.5379275
2024-05-15 00:00:00+05:30,1.0,0.53791535
2024-05-16 00:00:00+05:30,1.0,0.5420634
2024-05-17 00:00:00+05:30,1.0,0.5355114
2024-05-18 00:00:00+05:30,1.0,0.5332273
2024-05-21 00:00:00+05:30,1.0,0.53824306
2024-05-22 00:00:00+05:30,1.0,0.532413
2024-05-23 00:00:00+05:30,1.0,0.57363063
2024-05-24 00:00:00+05:30,1.0,0.54068136
2024-05-27 00:00:00+05:30,1.0,0.53846145
2024-05-28 00:00:00+05:30,1.0,0.5393472
2024-05-29 00:00:00+05:30,1.0,0.5329721
2024-05-30 00:00:00+05:30,1.0,0.5356086
2024-05-31 00:00:00+05:30,1.0,0.56597054
2024-06-03 00:00:00+05:30,1.0,0.5373327
2024-06-04 00:00:00+05:30,1.0,0.5391652
2024-06-05 00:00:00+05:30,1.0,0.585824
2024-06-06 00:00:00+05:30,1.0,0.5340658
2024-06-07 00:00:00+05:30,1.0,0.5337742
2024-06-10 00:00:00+05:30,1.0,0.54195434
2024-06-11 00:00:00+05:30,1.0,0.53661644
2024-06-12 00:00:00+05:30,1.0,0.66479063
2024-06-13 00:00:00+05:30,1.0,0.54117846
2024-06-14 00:00:00+05:30,1.0,0.56517875
2024-06-18 00:00:00+05:30,1.0,0.550402
2024-06-19 00:00:00+05:30,1.0,0.5338714
2024-06-20 00:00:00+05:30,1.0,0.5594104
2024-06-21 00:00:00+05:30,1.0,0.5350013
2024-06-24 00:00:00+05:30,1.0,0.5580621
2024-06-25 00:00:00+05:30,1.0,0.5342724
2024-06-26 00:00:00+05:30,1.0,0.53975964
2024-06-27 00:00:00+05:30,1.0,0.572663
2024-06-28 00:00:00+05:30,1.0,0.5404752
2024-07-01 00:00:00+05:30,1.0,0.53687143
2024-07-02 00:00:00+05:30,1.0,0.577543
2024-07-03 00:00:00+05:30,1.0,0.53441817
2024-07-04 00:00:00+05:30,1.0,0.5343695
2024-07-05 00:00:00+05:30,1.0,0.5341144
2024-07-08 00:00:00+05:30,1.0,0.53571784
2024-07-09 00:00:00+05:30,1.0,0.5360215
2024-07-10 00:00:00+05:30,1.0,0.5367986
2024-07-11 00:00:00+05:30,1.0,0.53692
2024-07-12 00:00:00+05:30,1.0,0.53314227
2024-07-15 00:00:00+05:30,1.0,0.5415907
2024-07-16 00:00:00+05:30,1.0,0.5332638
2024-07-18 00:00:00+05:30,1.0,0.53610647
2024-07-19 00:00:00+05:30,1.0,0.5393351
2024-07-22 00:00:00+05:30,1.0,0.5344424
2024-07-23 00:00:00+05:30,1.0,0.533203
2024-07-24 00:00:00+05:30,1.0,0.5354507
2024-07-25 00:00:00+05:30,1.0,0.5455157
2024-07-26 00:00:00+05:30,1.0,0.54225737
2024-07-29 00:00:00+05:30,1.0,0.5393836
2024-07-30 00:00:00+05:30,1.0,0.5408754
2024-07-31 00:00:00+05:30,1.0,0.53311795
2024-08-01 00:00:00+05:30,1.0,0.53302073
2024-08-02 00:00:00+05:30,1.0,0.53536564
2024-08-05 00:00:00+05:30,1.0,0.5994734
2024-08-06 00:00:00+05:30,1.0,0.53355545
2024-08-07 00:00:00+05:30,1.0,0.5363008
2024-08-08 00:00:00+05:30,1.0,0.5423422
2024-08-09 00:00:00+05:30,1.0,0.53402936
2024-08-12 00:00:00+05:30,1.0,0.5386192
2024-08-13 00:00:00+05:30,1.0,0.5335311
2024-08-14 00:00:00+05:30,1.0,0.5322671
2024-08-16 00:00:00+05:30,1.0,0.53702927
2024-08-19 00:00:00+05:30,1.0,0.5365072
2024-08-20 00:00:00+05:30,1.0,0.53199965
2024-08-21 00:00:00+05:30,1.0,0.53615505
2024-08-22 00:00:00+05:30,1.0,0.53199965
2024-08-23 00:00:00+05:30,1.0,0.54082686
2024-08-26 00:00:00+05:30,1.0,0.53302073
2024-08-27 00:00:00+05:30,1.0,0.5340901
2024-08-28 00:00:00+05:30,1.0,0.5347097
2024-08-29 00:00:00+05:30,1.0,0.53193885
2024-08-30 00:00:00+05:30,1.0,0.53298426
2024-09-02 00:00:00+05:30,1.0,0.5410815
2024-09-03 00:00:00+05:30,1.0,0.5361308
2024-09-04 00:00:00+05:30,1.0,0.5334704
2024-09-05 00:00:00+05:30,1.0,0.53199965
2024-09-06 00:00:00+05:30,1.0,0.5353049
2024-09-09 00:00:00+05:30,1.0,0.54103297
2024-09-10 00:00:00+05:30,1.0,0.53275335
2024-09-11 00:00:00+05:30,1.0,0.5322428
2024-09-12 00:00:00+05:30,1.0,0.56684595
2024-09-13 00:00:00+05:30,1.0,0.53351897
2024-09-16 00:00:00+05:30,1.0,0.5436629
2024-09-17 00:00:00+05:30,1.0,0.5573876
2024-09-18 00:00:00+05:30,1.0,0.5322063
2024-09-19 00:00:00+05:30,1.0,0.54113
2024-09-20 00:00:00+05:30,1.0,0.67453307
2024-09-23 00:00:00+05:30,1.0,0.5371628
2024-09-24 00:00:00+05:30,1.0,0.5457941
2024-09-25 00:00:00+05:30,1.0,0.57030743
2024-09-26 00:00:00+05:30,1.0,0.532571
2024-09-27 00:00:00+05:30,1.0,0.5325224
2024-09-30 00:00:00+05:30,1.0,0.53483117
2024-10-01 00:00:00+05:30,1.0,0.53925014
2024-10-03 00:00:00+05:30,1.0,0.55351734
2024-10-04 00:00:00+05:30,1.0,0.5400143
2024-10-07 00:00:00+05:30,1.0,0.53570575
2024-10-08 00:00:00+05:30,1.0,0.56852365
2024-10-09 00:00:00+05:30,1.0,0.53240085
2024-10-10 00:00:00+05:30,1.0,0.5354993
2024-10-11 00:00:00+05:30,1.0,0.53727204
2024-10-14 00:00:00+05:30,1.0,0.53263175
2024-10-15 00:00:00+05:30,1.0,0.5413725
2024-10-16 00:00:00+05:30,1.0,0.5331058
2024-10-17 00:00:00+05:30,1.0,0.5522017
2024-10-18 00:00:00+05:30,1.0,0.53202397
2024-10-21 00:00:00+05:30,1.0,0.5354871
2024-10-22 00:00:00+05:30,1.0,0.554579
2024-10-23 00:00:00+05:30,1.0,0.53513485
2024-10-24 00:00:00+05:30,1.0,0.5346004
2024-10-25 00:00:00+05:30,1.0,0.5559054
2024-10-28 00:00:00+05:30,1.0,0.55145293
2024-10-29 00:00:00+05:30,1.0,0.5458426
2024-10-30 00:00:00+05:30,1.0,0.54782695
2024-10-31 00:00:00+05:30,1.0,0.5591938
2024-11-01 00:00:00+05:30,1.0,0.5352685
2024-11-04 00:00:00+05:30,1.0,0.5473673
2024-11-05 00:00:00+05:30,1.0,0.53247374
2024-11-06 00:00:00+05:30,1.0,0.5667261
2024-11-07 00:00:00+05:30,1.0,0.53778183
2024-11-08 00:00:00+05:30,1.0,0.5319024
2024-11-11 00:00:00+05:30,1.0,0.5932323
2024-11-12 00:00:00+05:30,1.0,0.5320726
2024-11-13 00:00:00+05:30,1.0,0.55643576
2024-11-14 00:00:00+05:30,1.0,0.54648405
2024-11-18 00:00:00+05:30,1.0,0.5509819
2024-11-19 00:00:00+05:30,1.0,0.5435418
2024-11-21 00:00:00+05:30,1.0,0.5489032
2024-11-22 00:00:00+05:30,1.0,0.54659295
2024-11-25 00:00:00+05:30,1.0,0.5639904
2024-11-26 00:00:00+05:30,1.0,0.544317
2024-11-27 00:00:00+05:30,1.0,0.5435781
2024-11-28 00:00:00+05:30,1.0,0.55401206
2024-11-29 00:00:00+05:30,1.0,0.53563285
2024-12-02 00:00:00+05:30,1.0,0.56580263
2024-12-03 00:00:00+05:30,1.0,0.541724
2024-12-04 00:00:00+05:30,1.0,0.5480568
2024-12-05 00:00:00+05:30,1.0,0.5503174
2024-12-06 00:00:00+05:30,1.0,0.5314039
2024-12-09 00:00:00+05:30,1.0,0.5378425
2024-12-10 00:00:00+05:30,1.0,0.53129447
2024-12-11 00:00:00+05:30,1.0,0.53417516
2024-12-12 00:00:00+05:30,1.0,0.5511872
2024-12-13 00:00:00+05:30,1.0,0.5328141
2024-12-16 00:00:00+05:30,1.0,0.53123367
2024-12-17 00:00:00+05:30,1.0,0.53877693
2024-12-18 00:00:00+05:30,1.0,0.53649503
2024-12-19 00:00:00+05:30,1.0,0.5350013
2024-12-20 00:00:00+05:30,1.0,0.53672576
2024-12-23 00:00:00+05:30,1.0,0.54350543
2024-12-24 00:00:00+05:30,1.0,0.531489
2024-12-26 00:00:00+05:30,1.0,0.5347826
2024-12-27 00:00:00+05:30,1.0,0.5490483
2024-12-30 00:00:00+05:30,1.0,0.55173075
2024-12-31 00:00:00+05:30,1.0,0.554386
2025-01-01 00:00:00+05:30,1.0,0.5326439
2025-01-02 00:00:00+05:30,1.0,0.53656787
2025-01-03 00:00:00+05:30,1.0,0.53587574
2025-01-06 00:00:00+05:30,1.0,0.5442322
2025-01-07 00:00:00+05:30,1.0,0.56332994
2025-01-08 00:00:00+05:30,1.0,0.53120935
2025-01-09 00:00:00+05:30,1.0,0.5312458
2025-01-10 00:00:00+05:30,1.0,0.5914165
2025-01-13 00:00:00+05:30,1.0,0.6165434
2025-01-14 00:00:00+05:30,1.0,0.53120935
2025-01-15 00:00:00+05:30,1.0,0.5770426
2025-01-16 00:00:00+05:30,1.0,0.5329113
2025-01-17 00:00:00+05:30,1.0,0.5450193
2025-01-20 00:00:00+05:30,1.0,0.5601805
2025-01-21 00:00:00+05:30,1.0,0.5338106
2025-01-22 00:00:00+05:30,1.0,0.5352199
2025-01-23 00:00:00+05:30,1.0,0.5354142
2025-01-24 00:00:00+05:30,1.0,0.54844373
2025-01-27 00:00:00+05:30,1.0,0.5476697
2025-01-28 00:00:00+05:30,1.0,0.53362834
2025-01-29 00:00:00+05:30,1.0,0.531258
2025-01-30 00:00:00+05:30,1.0,0.5375148
2025-01-31 00:00:00+05:30,1.0,0.53624004
2025-02-01 00:00:00+05:30,1.0,0.57281834
2025-02-03 00:00:00+05:30,1.0,0.55379486
2025-02-04 00:00:00+05:30,1.0,0.54412323
2025-02-05 00:00:00+05:30,1.0,0.5321091
2025-02-06 00:00:00+05:30,1.0,0.5680085
2025-02-07 00:00:00+05:30,1.0,0.5354628
2025-02-10 00:00:00+05:30,1.0,0.62621564
2025-02-11 00:00:00+05:30,1.0,0.5898581
2025-02-12 00:00:00+05:30,1.0,0.5379639
2025-02-13 00:00:00+05:30,1.0,0.5319753
2025-02-14 00:00:00+05:30,1.0,0.5313674
2025-02-17 00:00:00+05:30,1.0,0.5332273
2025-02-18 00:00:00+05:30,1.0,0.54179674
2025-02-19 00:00:00+05:30,1.0,0.5406571
2025-02-20 00:00:00+05:30,1.0,0.5337134
2025-02-21 00:00:00+05:30,1.0,0.543566
2025-02-24 00:00:00+05:30,1.0,0.54477715
2025-02-25 00:00:00+05:30,1.0,0.55724305
2025-02-27 00:00:00+05:30,1.0,0.53305715
2025-02-28 00:00:00+05:30,1.0,0.5672056
2025-03-03 00:00:00+05:30,1.0,0.5322671
2025-03-04 00:00:00+05:30,1.0,0.5353414
2025-03-05 00:00:00+05:30,1.0,0.5549288
2025-03-06 00:00:00+05:30,1.0,0.54417163
2025-03-07 00:00:00+05:30,1.0,0.54169977
2025-03-10 00:00:00+05:30,1.0,0.53946847
2025-03-11 00:00:00+05:30,1.0,0.538692
2025-03-12 00:00:00+05:30,1.0,0.53184164
2025-03-13 00:00:00+05:30,1.0,0.53133094
2025-03-17 00:00:00+05:30,1.0,0.53196317
2025-03-18 00:00:00+05:30,1.0,0.53815806
2025-03-19 00:00:00+05:30,1.0,0.6340676
2025-03-20 00:00:00+05:30,1.0,0.57289004
2025-03-21 00:00:00+05:30,1.0,0.5497857
2025-03-24 00:00:00+05:30,1.0,0.5432147
2025-03-25 00:00:00+05:30,1.0,0.54163915
2025-03-26 00:00:00+05:30,1.0,0.57760257
2025-03-27 00:00:00+05:30,1.0,0.5318295
2025-03-28 00:00:00+05:30,1.0,0.5532398
2025-04-01 00:00:00+05:30,1.0,0.5360822
2025-04-02 00:00:00+05:30,1.0,0.5330086
2025-04-03 00:00:00+05:30,1.0,0.54283905
2025-04-04 00:00:00+05:30,1.0,0.535062
2025-04-07 00:00:00+05:30,1.0,0.60434055
2025-04-08 00:00:00+05:30,1.0,0.5318295
2025-04-09 00:00:00+05:30,1.0,0.57625586
2025-04-11 00:00:00+05:30,1.0,0.5552061
2025-04-15 00:00:00+05:30,1.0,0.54644775
2025-04-16 00:00:00+05:30,1.0,0.5403903
2025-04-17 00:00:00+05:30,1.0,0.5399537
2025-04-21 00:00:00+05:30,1.0,0.53968686
2025-04-22 00:00:00+05:30,1.0,0.59063756
2025-04-23 00:00:00+05:30,1.0,0.53165925
2025-04-24 00:00:00+05:30,1.0,0.5408026
2025-04-25 00:00:00+05:30,1.0,0.56592256
2025-04-28 00:00:00+05:30,1.0,0.55095774
2025-04-29 00:00:00+05:30,1.0,0.5318173
2025-04-30 00:00:00+05:30,1.0,0.5333367
2025-05-02 00:00:00+05:30,1.0,0.5330329
2025-05-05 00:00:00+05:30,1.0,0.5634981
2025-05-06 00:00:00+05:30,1.0,0.5406086
2025-05-07 00:00:00+05:30,1.0,0.5316714
2025-05-08 00:00:00+05:30,1.0,0.5623207
2025-05-09 00:00:00+05:30,1.0,0.53502554
2025-05-12 00:00:00+05:30,1.0,0.54850423
2025-05-13 00:00:00+05:30,1.0,0.5330086
2025-05-14 00:00:00+05:30,1.0,0.53120935
2025-05-15 00:00:00+05:30,1.0,0.53221846
2025-05-16 00:00:00+05:30,1.0,0.53860706
2025-05-19 00:00:00+05:30,1.0,0.5375027
2025-05-20 00:00:00+05:30,1.0,0.54162705
2025-05-21 00:00:00+05:30,1.0,0.54140884
2025-05-22 00:00:00+05:30,1.0,0.5313796
2025-05-23 00:00:00+05:30,1.0,0.5444502
2025-05-26 00:00:00+05:30,1.0,0.53141606
2025-05-27 00:00:00+05:30,1.0,0.5356814
2025-05-28 00:00:00+05:30,1.0,0.53357977
2025-05-29 00:00:00+05:30,1.0,0.53531706
2025-05-30 00:00:00+05:30,1.0,0.5334947
2025-06-02 00:00:00+05:30,1.0,0.5426209
2025-06-03 00:00:00+05:30,1.0,0.53468543
2025-06-04 00:00:00+05:30,1.0,0.5321577
2025-06-05 00:00:00+05:30,1.0,0.53395647
2025-06-06 00:00:00+05:30,1.0,0.54673815
2025-06-09 00:00:00+05:30,1.0,0.54167557
2025-06-10 00:00:00+05:30,1.0,0.534163
2025-06-11 00:00:00+05:30,1.0,0.5310756
2025-06-12 00:00:00+05:30,1.0,0.5339807
2025-06-13 00:00:00+05:30,1.0,0.54474086
2025-06-16 00:00:00+05:30,1.0,0.53325164
2025-06-17 00:00:00+05:30,1.0,0.53831583
2025-06-18 00:00:00+05:30,1.0,0.56595856
2025-06-19 00:00:00+05:30,1.0,0.5380853
2025-06-20 00:00:00+05:30,1.0,0.5735351
2025-06-23 00:00:00+05:30,1.0,0.5414331
2025-06-24 00:00:00+05:30,1.0,0.5316471
2025-06-25 00:00:00+05:30,1.0,0.55623084
2025-06-26 00:00:00+05:30,1.0,0.5412391
2025-06-27 00:00:00+05:30,1.0,0.5327047
2025-06-30 00:00:00+05:30,1.0,0.53133094
2025-07-01 00:00:00+05:30,1.0,0.53096616
2025-07-02 00:00:00+05:30,1.0,0.5310391
2025-07-03 00:00:00+05:30,1.0,0.53402936
2025-07-04 00:00:00+05:30,1.0,0.53127015
2025-07-07 00:00:00+05:30,1.0,0.5308689
2025-07-08 00:00:00+05:30,1.0,0.53135526
2025-07-09 00:00:00+05:30,1.0,0.56704974
2025-07-10 00:00:00+05:30,1.0,0.53094184
2025-07-11 00:00:00+05:30,1.0,0.54893947
2025-07-14 00:00:00+05:30,1.0,0.54417163
2025-07-15 00:00:00+05:30,1.0,0.5323036
2025-07-16 00:00:00+05:30,1.0,0.53100264
2025-07-17 00:00:00+05:30,1.0,0.53989303
2025-07-18 00:00:00+05:30,1.0,0.5446561
2025-07-21 00:00:00+05:30,1.0,0.53084457
2025-07-22 00:00:00+05:30,1.0,0.53084457
2025-07-23 00:00:00+05:30,1.0,0.5505832
2025-07-24 00:00:00+05:30,1.0,0.53240085
2025-07-25 00:00:00+05:30,1.0,0.5327169
2025-07-28 00:00:00+05:30,1.0,0.54006284
2025-07-29 00:00:00+05:30,1.0,0.5342724
2025-07-30 00:00:00+05:30,1.0,0.53278977
2025-07-31 00:00:00+05:30,1.0,0.5371506
2025-08-01 00:00:00+05:30,1.0,0.5308081
2025-08-04 00:00:00+05:30,1.0,0.5308567
2025-08-05 00:00:00+05:30,1.0,0.5380731
2025-08-06 00:00:00+05:30,1.0,0.5310756
2025-08-07 00:00:00+05:30,1.0,0.53147686
2025-08-08 00:00:00+05:30,1.0,0.53840077
2025-08-11 00:00:00+05:30,1.0,0.5348433
2025-08-12 00:00:00+05:30,1.0,0.5310148
2025-08-13 00:00:00+05:30,1.0,0.53102696
2025-08-14 00:00:00+05:30,1.0,0.56604254
2025-08-18 00:00:00+05:30,1.0,0.5326196
2025-08-19 00:00:00+05:30,1.0,0.53502554
2025-08-20 00:00:00+05:30,1.0,0.5311607
2025-08-21 00:00:00+05:30,1.0,0.53912884
2025-08-22 00:00:00+05:30,1.0,0.53531706
2025-08-25 00:00:00+05:30,1.0,0.5343088
2025-08-26 00:00:00+05:30,1.0,0.55658036
2025-08-28 00:00:00+05:30,1.0,0.54148155
2025-08-29 00:00:00+05:30,1.0,0.53165925
2025-09-01 00:00:00+05:30,1.0,0.5424876
2025-09-02 00:00:00+05:30,1.0,0.5384251
2025-09-03 00:00:00+05:30,1.0,0.53067434
2025-09-04 00:00:00+05:30,1.0,0.53084457
2025-09-05 00:00:00+05:30,1.0,0.5318538
2025-09-08 00:00:00+05:30,1.0,0.5393108
2025-09-09 00:00:00+05:30,1.0,0.53065
2025-09-10 00:00:00+05:30,1.0,0.5433964
2025-09-11 00:00:00+05:30,1.0,0.5307473
2025-09-12 00:00:00+05:30,1.0,0.53075945
2025-09-15 00:00:00+05:30,1.0,0.5324859
2025-09-16 00:00:00+05:30,1.0,0.5365436
2025-09-17 00:00:00+05:30,1.0,0.5313188
2025-09-18 00:00:00+05:30,1.0,0.53660434
2025-09-19 00:00:00+05:30,1.0,0.53474617
2025-09-22 00:00:00+05:30,1.0,0.5325102
2025-09-23 00:00:00+05:30,1.0,0.53524417
2025-09-24 00:00:00+05:30,1.0,0.54243916
2025-09-25 00:00:00+05:30,1.0,0.53067434
2025-09-26 00:00:00+05:30,1.0,0.53529274
2025-09-29 00:00:00+05:30,1.0,0.5337499
2025-09-30 00:00:00+05:30,1.0,0.53050405
2025-10-01 00:00:00+05:30,1.0,0.53065
2025-10-03 00:00:00+05:30,1.0,0.5717427
2025-10-06 00:00:00+05:30,1.0,0.6317533
2025-10-07 00:00:00+05:30,1.0,0.5326561
2025-10-08 00:00:00+05:30,1.0,0.53345823
2025-10-09 00:00:00+05:30,1.0,0.53240085
2025-10-10 00:00:00+05:30,1.0,0.5305405
2025-10-13 00:00:00+05:30,1.0,0.5345153
2025-10-14 00:00:00+05:30,1.0,0.535815
2025-10-15 00:00:00+05:30,1.0,0.53147686
2025-10-16 00:00:00+05:30,1.0,0.5393472
2025-10-17 00:00:00+05:30,1.0,0.5434449
2025-10-20 00:00:00+05:30,1.0,0.530954
2025-10-21 00:00:00+05:30,1.0,0.5386313
2025-10-23 00:00:00+05:30,1.0,0.5384736
2025-10-24 00:00:00+05:30,1.0,0.5476576
2025-10-27 00:00:00+05:30,1.0,0.53768474
2025-10-28 00:00:00+05:30,1.0,0.53319085
2025-10-29 00:00:00+05:30,1.0,0.5317079
2025-10-30 00:00:00+05:30,1.0,0.53396857
2025-10-31 00:00:00+05:30,1.0,0.5491813
2025-11-03 00:00:00+05:30,1.0,0.53065
2025-11-04 00:00:00+05:30,1.0,0.537794
2025-11-06 00:00:00+05:30,1.0,0.5386192
2025-11-07 00:00:00+05:30,1.0,0.5344424
2025-11-10 00:00:00+05:30,1.0,0.56209236
2025-11-11 00:00:00+05:30,1.0,0.53015137
2025-11-12 00:00:00+05:30,1.0,0.5307108
2025-11-13 00:00:00+05:30,1.0,0.53088105
2025-11-14 00:00:00+05:30,1.0,0.52999324
2025-11-17 00:00:00+05:30,1.0,0.5359365
2025-11-18 00:00:00+05:30,1.0,0.53061354
2025-11-19 00:00:00+05:30,1.0,0.5744544
2025-11-20 00:00:00+05:30,1.0,0.5298716
2025-11-21 00:00:00+05:30,1.0,0.5318295
2025-11-24 00:00:00+05:30,1.0,0.543675
2025-11-25 00:00:00+05:30,1.0,0.5297135
2025-11-26 00:00:00+05:30,1.0,0.52984726
2025-11-27 00:00:00+05:30,1.0,0.5297986
2025-11-28 00:00:00+05:30,1.0,0.529677
2025-12-01 00:00:00+05:30,1.0,0.5597112
2025-12-02 00:00:00+05:30,1.0,0.5316106
2025-12-03 00:00:00+05:30,1.0,0.5529863
2025-12-04 00:00:00+05:30,1.0,0.5299811
2025-12-05 00:00:00+05:30,1.0,0.53288704
2025-12-08 00:00:00+05:30,1.0,0.5381338
2025-12-09 00:00:00+05:30,1.0,0.53052837
2025-12-10 00:00:00+05:30,1.0,0.52965266
2025-12-11 00:00:00+05:30,1.0,0.5316106
2025-12-12 00:00:00+05:30,1.0,0.5310999
2025-12-15 00:00:00+05:30,1.0,0.52975
2025-12-16 00:00:00+05:30,1.0,0.53400505
2025-12-17 00:00:00+05:30,1.0,0.5730932
2025-12-18 00:00:00+05:30,1.0,0.53604573
2025-12-19 00:00:00+05:30,1.0,0.5458305
2025-12-22 00:00:00+05:30,1.0,0.52962834
2025-12-23 00:00:00+05:30,1.0,0.5299203
2025-12-24 00:00:00+05:30,1.0,0.5300906
2025-12-26 00:00:00+05:30,1.0,0.5312823
2025-12-29 00:00:00+05:30,1.0,0.5327412
2025-12-30 00:00:00+05:30,1.0,0.5440869
2025-12-31 00:00:00+05:30,1.0,0.52973783
2026-01-01 00:00:00+05:30,1.0,0.52973783
2026-01-02 00:00:00+05:30,1.0,0.53292346
2026-01-05 00:00:00+05:30,1.0,0.5338957
2026-01-06 00:00:00+05:30,1.0,0.5294945
2026-01-07 00:00:00+05:30,1.0,0.5376726
2026-01-08 00:00:00+05:30,1.0,0.5304919
2026-01-09 00:00:00+05:30,1.0,0.5344546
2026-01-12 00:00:00+05:30,1.0,0.5300784
2026-01-13 00:00:00+05:30,1.0,0.5339929
2026-01-14 00:00:00+05:30,1.0,0.5298716
2026-01-16 00:00:00+05:30,1.0,0.529531
2026-01-19 00:00:00+05:30,1.0,0.5448983
2026-01-20 00:00:00+05:30,1.0,0.542221
2026-01-21 00:00:00+05:30,1.0,0.5321942
2026-01-22 00:00:00+05:30,1.0,0.53061354
2026-01-23 00:00:00+05:30,1.0,0.53145254
2026-01-27 00:00:00+05:30,1.0,0.53753906
2026-01-28 00:00:00+05:30,1.0,0.5387891
2026-01-29 00:00:00+05:30,1.0,0.5309175
2026-01-30 00:00:00+05:30,1.0,0.52962834
2026-02-01 00:00:00+05:30,1.0,0.5397839
2026-02-02 00:00:00+05:30,1.0,0.5405965
2026-02-03 00:00:00+05:30,1.0,0.58679515
2026-02-04 00:00:00+05:30,1.0,0.54091173
2026-02-05 00:00:00+05:30,1.0,0.53446674
2026-02-06 00:00:00+05:30,1.0,0.52951884
2026-02-09 00:00:00+05:30,1.0,0.55385524
2026-02-10 00:00:00+05:30,1.0,0.5321699
2026-02-11 00:00:00+05:30,1.0,0.55653214
2026-02-12 00:00:00+05:30,1.0,0.5303946
2026-02-13 00:00:00+05:30,1.0,0.5347097
